"","FAR","HYB","Traits","value"
"1","Glazik","F34.A22","PHT1","224"
"2","Glazik","P31.A22","PHT1","203"
"3","Glazik","59R5","PHT1","242"
"4","Glazik","H69.A22","PHT1","235"
"5","Erisman","59R5","PHT1","265"
"6","Erisman","17.461","PHT1","230"
"7","Erisman","P31.A22","PHT1","223"
"8","Erisman","F34.A22","PHT1","225"
"9","Erisman","461.2B24","PHT1","264"
"10","Erisman","17.2B24","PHT1","218"
"11","Erisman","H69.A22","PHT1","194"
"12","Erisman","NG10.S7","PHT1","231"
"13","Buxton","P31.A22","PHT1","241"
"14","Buxton","H69.A22","PHT1","258"
"15","Buxton","461.2B24","PHT1","265"
"16","Buxton","17.461","PHT1","252"
"17","Buxton","NG10.S7","PHT1","280"
"18","Buxton","59R5","PHT1","292"
"19","Buxton","F34.A22","PHT1","246"
"20","Buxton","17.2B24","PHT1","251"
"21","Gray","17.461","PHT1","230"
"22","Gray","P31.A22","PHT1","230"
"23","Gray","NG10.S7","PHT1","190"
"24","Gray","H69.A22","PHT1","221"
"25","Gray","17.2B24","PHT1","217"
"26","Gray","F34.A22","PHT1","175"
"27","Gray","461.2B24","PHT1","234"
"28","Gray","59R5","PHT1","227"
"29","Wilken","P31.A22","PHT1","206"
"30","Wilken","H69.A22","PHT1","215"
"31","Wilken","461.2B24","PHT1","223"
"32","Wilken","17.2B24","PHT1","215"
"33","Wilken","17.461","PHT1","227"
"34","Wilken","59R5","PHT1","234"
"35","Wilken","NG10.S7","PHT1","230"
"36","Wilken","F34.A22","PHT1","229"
"37","Gruver","59R5","PHT1","252"
"38","Gruver","17.2B24","PHT1","214"
"39","Gruver","P31.A22","PHT1","201"
"40","Gruver","461.2B24","PHT1","190"
"41","Gruver","H69.A22","PHT1","228"
"42","Gruver","F34.A22","PHT1","227"
"43","Gruver","NG10.S7","PHT1","221"
"44","Gruver","17.461","PHT1","215"
"45","Gruver","59R5","PHT1","."
"46","Gruver","59R5","PHT1","."
"47","Ambriole","F34.A22","PHT1","225"
"48","Ambriole","17.461","PHT1","230"
"49","Ambriole","P31.A22","PHT1","199"
"50","Ambriole","NG10.S7","PHT1","230"
"51","Ambriole","17.2B24","PHT1","236"
"52","Ambriole","59R5","PHT1","240"
"53","Ambriole","461.2B24","PHT1","245"
"54","Ambriole","H69.A22","PHT1","235"
"55","Glazik","F34.A22","PHT2","200"
"56","Glazik","P31.A22","PHT2","205"
"57","Glazik","59R5","PHT2","232"
"58","Glazik","H69.A22","PHT2","235"
"59","Erisman","59R5","PHT2","263"
"60","Erisman","17.461","PHT2","225"
"61","Erisman","P31.A22","PHT2","212"
"62","Erisman","F34.A22","PHT2","227"
"63","Erisman","461.2B24","PHT2","227"
"64","Erisman","17.2B24","PHT2","220"
"65","Erisman","H69.A22","PHT2","197"
"66","Erisman","NG10.S7","PHT2","215"
"67","Buxton","P31.A22","PHT2","220"
"68","Buxton","H69.A22","PHT2","270"
"69","Buxton","461.2B24","PHT2","245"
"70","Buxton","17.461","PHT2","232"
"71","Buxton","NG10.S7","PHT2","267"
"72","Buxton","59R5","PHT2","285"
"73","Buxton","F34.A22","PHT2","240"
"74","Buxton","17.2B24","PHT2","247"
"75","Gray","17.461","PHT2","242"
"76","Gray","P31.A22","PHT2","220"
"77","Gray","NG10.S7","PHT2","190"
"78","Gray","H69.A22","PHT2","233"
"79","Gray","17.2B24","PHT2","223"
"80","Gray","F34.A22","PHT2","168"
"81","Gray","461.2B24","PHT2","255"
"82","Gray","59R5","PHT2","233"
"83","Wilken","P31.A22","PHT2","201"
"84","Wilken","H69.A22","PHT2","220"
"85","Wilken","461.2B24","PHT2","205"
"86","Wilken","17.2B24","PHT2","223"
"87","Wilken","17.461","PHT2","233"
"88","Wilken","59R5","PHT2","218"
"89","Wilken","NG10.S7","PHT2","197"
"90","Wilken","F34.A22","PHT2","227"
"91","Gruver","59R5","PHT2","241"
"92","Gruver","17.2B24","PHT2","220"
"93","Gruver","P31.A22","PHT2","208"
"94","Gruver","461.2B24","PHT2","197"
"95","Gruver","H69.A22","PHT2","220"
"96","Gruver","F34.A22","PHT2","227"
"97","Gruver","NG10.S7","PHT2","226"
"98","Gruver","17.461","PHT2","230"
"99","Gruver","59R5","PHT2","."
"100","Gruver","59R5","PHT2","."
"101","Ambriole","F34.A22","PHT2","225"
"102","Ambriole","17.461","PHT2","234"
"103","Ambriole","P31.A22","PHT2","195"
"104","Ambriole","NG10.S7","PHT2","220"
"105","Ambriole","17.2B24","PHT2","224"
"106","Ambriole","59R5","PHT2","230"
"107","Ambriole","461.2B24","PHT2","241"
"108","Ambriole","H69.A22","PHT2","250"
"109","Glazik","F34.A22","EHT1","125"
"110","Glazik","P31.A22","EHT1","105"
"111","Glazik","59R5","EHT1","110"
"112","Glazik","H69.A22","EHT1","131"
"113","Erisman","59R5","EHT1","144"
"114","Erisman","17.461","EHT1","96"
"115","Erisman","P31.A22","EHT1","90"
"116","Erisman","F34.A22","EHT1","116"
"117","Erisman","461.2B24","EHT1","131"
"118","Erisman","17.2B24","EHT1","108"
"119","Erisman","H69.A22","EHT1","90"
"120","Erisman","NG10.S7","EHT1","112"
"121","Buxton","P31.A22","EHT1","90"
"122","Buxton","H69.A22","EHT1","124"
"123","Buxton","461.2B24","EHT1","109"
"124","Buxton","17.461","EHT1","121"
"125","Buxton","NG10.S7","EHT1","143"
"126","Buxton","59R5","EHT1","138"
"127","Buxton","F34.A22","EHT1","121"
"128","Buxton","17.2B24","EHT1","135"
"129","Gray","17.461","EHT1","105"
"130","Gray","P31.A22","EHT1","107"
"131","Gray","NG10.S7","EHT1","107"
"132","Gray","H69.A22","EHT1","95"
"133","Gray","17.2B24","EHT1","108"
"134","Gray","F34.A22","EHT1","85"
"135","Gray","461.2B24","EHT1","114"
"136","Gray","59R5","EHT1","100"
"137","Wilken","P31.A22","EHT1","88"
"138","Wilken","H69.A22","EHT1","90"
"139","Wilken","461.2B24","EHT1","105"
"140","Wilken","17.2B24","EHT1","114"
"141","Wilken","17.461","EHT1","124"
"142","Wilken","59R5","EHT1","111"
"143","Wilken","NG10.S7","EHT1","110"
"144","Wilken","F34.A22","EHT1","119"
"145","Gruver","59R5","EHT1","121"
"146","Gruver","17.2B24","EHT1","102"
"147","Gruver","P31.A22","EHT1","80"
"148","Gruver","461.2B24","EHT1","70"
"149","Gruver","H69.A22","EHT1","102"
"150","Gruver","F34.A22","EHT1","100"
"151","Gruver","NG10.S7","EHT1","96"
"152","Gruver","17.461","EHT1","81"
"153","Gruver","59R5","EHT1","."
"154","Gruver","59R5","EHT1","."
"155","Ambriole","F34.A22","EHT1","116"
"156","Ambriole","17.461","EHT1","116"
"157","Ambriole","P31.A22","EHT1","92"
"158","Ambriole","NG10.S7","EHT1","94"
"159","Ambriole","17.2B24","EHT1","125"
"160","Ambriole","59R5","EHT1","113"
"161","Ambriole","461.2B24","EHT1","122"
"162","Ambriole","H69.A22","EHT1","142"
"163","Glazik","F34.A22","EHT2","117"
"164","Glazik","P31.A22","EHT2","110"
"165","Glazik","59R5","EHT2","105"
"166","Glazik","H69.A22","EHT2","116"
"167","Erisman","59R5","EHT2","129"
"168","Erisman","17.461","EHT2","83"
"169","Erisman","P31.A22","EHT2","109"
"170","Erisman","F34.A22","EHT2","126"
"171","Erisman","461.2B24","EHT2","125"
"172","Erisman","17.2B24","EHT2","130"
"173","Erisman","H69.A22","EHT2","95"
"174","Erisman","NG10.S7","EHT2","106"
"175","Buxton","P31.A22","EHT2","95"
"176","Buxton","H69.A22","EHT2","126"
"177","Buxton","461.2B24","EHT2","114"
"178","Buxton","17.461","EHT2","106"
"179","Buxton","NG10.S7","EHT2","125"
"180","Buxton","59R5","EHT2","139"
"181","Buxton","F34.A22","EHT2","110"
"182","Buxton","17.2B24","EHT2","127"
"183","Gray","17.461","EHT2","130"
"184","Gray","P31.A22","EHT2","90"
"185","Gray","NG10.S7","EHT2","70"
"186","Gray","H69.A22","EHT2","100"
"187","Gray","17.2B24","EHT2","143"
"188","Gray","F34.A22","EHT2","82"
"189","Gray","461.2B24","EHT2","131"
"190","Gray","59R5","EHT2","115"
"191","Wilken","P31.A22","EHT2","85"
"192","Wilken","H69.A22","EHT2","88"
"193","Wilken","461.2B24","EHT2","104"
"194","Wilken","17.2B24","EHT2","103"
"195","Wilken","17.461","EHT2","121"
"196","Wilken","59R5","EHT2","91"
"197","Wilken","NG10.S7","EHT2","82"
"198","Wilken","F34.A22","EHT2","99"
"199","Gruver","59R5","EHT2","115"
"200","Gruver","17.2B24","EHT2","110"
"201","Gruver","P31.A22","EHT2","98"
"202","Gruver","461.2B24","EHT2","95"
"203","Gruver","H69.A22","EHT2","107"
"204","Gruver","F34.A22","EHT2","86"
"205","Gruver","NG10.S7","EHT2","105"
"206","Gruver","17.461","EHT2","105"
"207","Gruver","59R5","EHT2","."
"208","Gruver","59R5","EHT2","."
"209","Ambriole","F34.A22","EHT2","95"
"210","Ambriole","17.461","EHT2","116"
"211","Ambriole","P31.A22","EHT2","90"
"212","Ambriole","NG10.S7","EHT2","85"
"213","Ambriole","17.2B24","EHT2","100"
"214","Ambriole","59R5","EHT2","97"
"215","Ambriole","461.2B24","EHT2","107"
"216","Ambriole","H69.A22","EHT2","121"
"217","Glazik","F34.A22","SDL1","21.96"
"218","Glazik","P31.A22","SDL1","20.85"
"219","Glazik","59R5","SDL1","18.35"
"220","Glazik","H69.A22","SDL1","21.64"
"221","Erisman","59R5","SDL1","21.16"
"222","Erisman","17.461","SDL1","23.15"
"223","Erisman","P31.A22","SDL1","20.47"
"224","Erisman","F34.A22","SDL1","20.69"
"225","Erisman","461.2B24","SDL1","26.84"
"226","Erisman","17.2B24","SDL1","23.17"
"227","Erisman","H69.A22","SDL1","20.41"
"228","Erisman","NG10.S7","SDL1","22.28"
"229","Buxton","P31.A22","SDL1","25.6"
"230","Buxton","H69.A22","SDL1","24.5"
"231","Buxton","461.2B24","SDL1","20.32"
"232","Buxton","17.461","SDL1","28.33"
"233","Buxton","NG10.S7","SDL1","24.3"
"234","Buxton","59R5","SDL1","25.78"
"235","Buxton","F34.A22","SDL1","23.68"
"236","Buxton","17.2B24","SDL1","25.91"
"237","Gray","17.461","SDL1","21.7"
"238","Gray","P31.A22","SDL1","23.35"
"239","Gray","NG10.S7","SDL1","19.72"
"240","Gray","H69.A22","SDL1","23.36"
"241","Gray","17.2B24","SDL1","23.41"
"242","Gray","F34.A22","SDL1","19.45"
"243","Gray","461.2B24","SDL1","20.68"
"244","Gray","59R5","SDL1","18.5"
"245","Wilken","P31.A22","SDL1","17.99"
"246","Wilken","H69.A22","SDL1","21.3"
"247","Wilken","461.2B24","SDL1","18.45"
"248","Wilken","17.2B24","SDL1","20.58"
"249","Wilken","17.461","SDL1","18.7"
"250","Wilken","59R5","SDL1","20.72"
"251","Wilken","NG10.S7","SDL1","15.46"
"252","Wilken","F34.A22","SDL1","22.19"
"253","Gruver","59R5","SDL1","19.1"
"254","Gruver","17.2B24","SDL1","22.56"
"255","Gruver","P31.A22","SDL1","20.94"
"256","Gruver","461.2B24","SDL1","24.62"
"257","Gruver","H69.A22","SDL1","22.36"
"258","Gruver","F34.A22","SDL1","26.28"
"259","Gruver","NG10.S7","SDL1","20.02"
"260","Gruver","17.461","SDL1","21.77"
"261","Gruver","59R5","SDL1","."
"262","Gruver","59R5","SDL1","."
"263","Ambriole","F34.A22","SDL1","19.49"
"264","Ambriole","17.461","SDL1","19.51"
"265","Ambriole","P31.A22","SDL1","15.87"
"266","Ambriole","NG10.S7","SDL1","17.45"
"267","Ambriole","17.2B24","SDL1","17.52"
"268","Ambriole","59R5","SDL1","21.62"
"269","Ambriole","461.2B24","SDL1","17.2"
"270","Ambriole","H69.A22","SDL1","17.4"
"271","Glazik","F34.A22","SDL2","20.16"
"272","Glazik","P31.A22","SDL2","19.03"
"273","Glazik","59R5","SDL2","20.49"
"274","Glazik","H69.A22","SDL2","20.33"
"275","Erisman","59R5","SDL2","28.59"
"276","Erisman","17.461","SDL2","22.58"
"277","Erisman","P31.A22","SDL2","22.48"
"278","Erisman","F34.A22","SDL2","21.9"
"279","Erisman","461.2B24","SDL2","27.27"
"280","Erisman","17.2B24","SDL2","22.42"
"281","Erisman","H69.A22","SDL2","19.55"
"282","Erisman","NG10.S7","SDL2","22.09"
"283","Buxton","P31.A22","SDL2","21.92"
"284","Buxton","H69.A22","SDL2","24.93"
"285","Buxton","461.2B24","SDL2","23.39"
"286","Buxton","17.461","SDL2","21.24"
"287","Buxton","NG10.S7","SDL2","24.15"
"288","Buxton","59R5","SDL2","27.15"
"289","Buxton","F34.A22","SDL2","21.19"
"290","Buxton","17.2B24","SDL2","25.51"
"291","Gray","17.461","SDL2","22.25"
"292","Gray","P31.A22","SDL2","23"
"293","Gray","NG10.S7","SDL2","17.35"
"294","Gray","H69.A22","SDL2","23.86"
"295","Gray","17.2B24","SDL2","22.17"
"296","Gray","F34.A22","SDL2","17.82"
"297","Gray","461.2B24","SDL2","21.08"
"298","Gray","59R5","SDL2","18.86"
"299","Wilken","P31.A22","SDL2","18.07"
"300","Wilken","H69.A22","SDL2","22.07"
"301","Wilken","461.2B24","SDL2","20.96"
"302","Wilken","17.2B24","SDL2","20.64"
"303","Wilken","17.461","SDL2","19.27"
"304","Wilken","59R5","SDL2","16.47"
"305","Wilken","NG10.S7","SDL2","14.58"
"306","Wilken","F34.A22","SDL2","21.58"
"307","Gruver","59R5","SDL2","18.32"
"308","Gruver","17.2B24","SDL2","22.5"
"309","Gruver","P31.A22","SDL2","21.07"
"310","Gruver","461.2B24","SDL2","19.4"
"311","Gruver","H69.A22","SDL2","19.71"
"312","Gruver","F34.A22","SDL2","21.48"
"313","Gruver","NG10.S7","SDL2","21.61"
"314","Gruver","17.461","SDL2","19.04"
"315","Gruver","59R5","SDL2","."
"316","Gruver","59R5","SDL2","."
"317","Ambriole","F34.A22","SDL2","21.28"
"318","Ambriole","17.461","SDL2","17.15"
"319","Ambriole","P31.A22","SDL2","20.86"
"320","Ambriole","NG10.S7","SDL2","18.16"
"321","Ambriole","17.2B24","SDL2","19.81"
"322","Ambriole","59R5","SDL2","19.07"
"323","Ambriole","461.2B24","SDL2","18.16"
"324","Ambriole","H69.A22","SDL2","20.99"
"325","Glazik","F34.A22","SDS1","19.49"
"326","Glazik","P31.A22","SDS1","18.61"
"327","Glazik","59R5","SDS1","15.77"
"328","Glazik","H69.A22","SDS1","20.09"
"329","Erisman","59R5","SDS1","18.74"
"330","Erisman","17.461","SDS1","20.02"
"331","Erisman","P31.A22","SDS1","22.05"
"332","Erisman","F34.A22","SDS1","18.36"
"333","Erisman","461.2B24","SDS1","23.59"
"334","Erisman","17.2B24","SDS1","20.55"
"335","Erisman","H69.A22","SDS1","19.45"
"336","Erisman","NG10.S7","SDS1","19.53"
"337","Buxton","P31.A22","SDS1","23.56"
"338","Buxton","H69.A22","SDS1","22.9"
"339","Buxton","461.2B24","SDS1","17.69"
"340","Buxton","17.461","SDS1","25.2"
"341","Buxton","NG10.S7","SDS1","21.93"
"342","Buxton","59R5","SDS1","22.1"
"343","Buxton","F34.A22","SDS1","19.62"
"344","Buxton","17.2B24","SDS1","22.94"
"345","Gray","17.461","SDS1","19.33"
"346","Gray","P31.A22","SDS1","22.72"
"347","Gray","NG10.S7","SDS1","17.71"
"348","Gray","H69.A22","SDS1","21.09"
"349","Gray","17.2B24","SDS1","21.27"
"350","Gray","F34.A22","SDS1","18.09"
"351","Gray","461.2B24","SDS1","19.19"
"352","Gray","59R5","SDS1","15.44"
"353","Wilken","P31.A22","SDS1","16.31"
"354","Wilken","H69.A22","SDS1","19.98"
"355","Wilken","461.2B24","SDS1","17.08"
"356","Wilken","17.2B24","SDS1","19.37"
"357","Wilken","17.461","SDS1","17.14"
"358","Wilken","59R5","SDS1","17.02"
"359","Wilken","NG10.S7","SDS1","14.34"
"360","Wilken","F34.A22","SDS1","18.72"
"361","Gruver","59R5","SDS1","16.62"
"362","Gruver","17.2B24","SDS1","20.39"
"363","Gruver","P31.A22","SDS1","18.93"
"364","Gruver","461.2B24","SDS1","20.75"
"365","Gruver","H69.A22","SDS1","20.41"
"366","Gruver","F34.A22","SDS1","24.32"
"367","Gruver","NG10.S7","SDS1","17.68"
"368","Gruver","17.461","SDS1","19.14"
"369","Gruver","59R5","SDS1","."
"370","Gruver","59R5","SDS1","."
"371","Ambriole","F34.A22","SDS1","16.52"
"372","Ambriole","17.461","SDS1","17.63"
"373","Ambriole","P31.A22","SDS1","15.18"
"374","Ambriole","NG10.S7","SDS1","15.81"
"375","Ambriole","17.2B24","SDS1","15.9"
"376","Ambriole","59R5","SDS1","18.61"
"377","Ambriole","461.2B24","SDS1","15.08"
"378","Ambriole","H69.A22","SDS1","16.87"
"379","Glazik","F34.A22","SDS2","19.120"
"380","Glazik","P31.A22","SDS2","16.750"
"381","Glazik","59R5","SDS2","18.050"
"382","Glazik","H69.A22","SDS2","18.89"
"383","Erisman","59R5","SDS2","24.76"
"384","Erisman","17.461","SDS2","21.32"
"385","Erisman","P31.A22","SDS2","21.36"
"386","Erisman","F34.A22","SDS2","20.86"
"387","Erisman","461.2B24","SDS2","22.88"
"388","Erisman","17.2B24","SDS2","19.94"
"389","Erisman","H69.A22","SDS2","17.98"
"390","Erisman","NG10.S7","SDS2","19.99"
"391","Buxton","P31.A22","SDS2","20.53"
"392","Buxton","H69.A22","SDS2","23.88"
"393","Buxton","461.2B24","SDS2","21.45"
"394","Buxton","17.461","SDS2","18.33"
"395","Buxton","NG10.S7","SDS2","23.41"
"396","Buxton","59R5","SDS2","23.27"
"397","Buxton","F34.A22","SDS2","17.85"
"398","Buxton","17.2B24","SDS2","22.62"
"399","Gray","17.461","SDS2","20.03"
"400","Gray","P31.A22","SDS2","21.03"
"401","Gray","NG10.S7","SDS2","14.83"
"402","Gray","H69.A22","SDS2","22.55"
"403","Gray","17.2B24","SDS2","19.66"
"404","Gray","F34.A22","SDS2","16.18"
"405","Gray","461.2B24","SDS2","19.74"
"406","Gray","59R5","SDS2","16.83"
"407","Wilken","P31.A22","SDS2","17.14"
"408","Wilken","H69.A22","SDS2","20.59"
"409","Wilken","461.2B24","SDS2","18.76"
"410","Wilken","17.2B24","SDS2","17.01"
"411","Wilken","17.461","SDS2","17.52"
"412","Wilken","59R5","SDS2","15.18"
"413","Wilken","NG10.S7","SDS2","13.86"
"414","Wilken","F34.A22","SDS2","19.44"
"415","Gruver","59R5","SDS2","16.94"
"416","Gruver","17.2B24","SDS2","19.7"
"417","Gruver","P31.A22","SDS2","18.57"
"418","Gruver","461.2B24","SDS2","15.68"
"419","Gruver","H69.A22","SDS2","17.19"
"420","Gruver","F34.A22","SDS2","19.51"
"421","Gruver","NG10.S7","SDS2","19.43"
"422","Gruver","17.461","SDS2","17.39"
"423","Gruver","59R5","SDS2","."
"424","Gruver","59R5","SDS2","."
"425","Ambriole","F34.A22","SDS2","20.25"
"426","Ambriole","17.461","SDS2","14.8"
"427","Ambriole","P31.A22","SDS2","19.25"
"428","Ambriole","NG10.S7","SDS2","16.02"
"429","Ambriole","17.2B24","SDS2","17.38"
"430","Ambriole","59R5","SDS2","17.48"
"431","Ambriole","461.2B24","SDS2","16.76"
"432","Ambriole","H69.A22","SDS2","19.26"
"433","Glazik","F34.A22","MST1","9"
"434","Glazik","P31.A22","MST1","8.6"
"435","Glazik","59R5","MST1","9"
"436","Glazik","H69.A22","MST1","9.3"
"437","Erisman","59R5","MST1","9"
"438","Erisman","17.461","MST1","8.8"
"439","Erisman","P31.A22","MST1","9.8"
"440","Erisman","F34.A22","MST1","10.1"
"441","Erisman","461.2B24","MST1","8.8"
"442","Erisman","17.2B24","MST1","8.7"
"443","Erisman","H69.A22","MST1","9.8"
"444","Erisman","NG10.S7","MST1","11.8"
"445","Buxton","P31.A22","MST1","9.3"
"446","Buxton","H69.A22","MST1","9.7"
"447","Buxton","461.2B24","MST1","9.2"
"448","Buxton","17.461","MST1","8.2"
"449","Buxton","NG10.S7","MST1","8.4"
"450","Buxton","59R5","MST1","9.3"
"451","Buxton","F34.A22","MST1","9.3"
"452","Buxton","17.2B24","MST1","8.7"
"453","Gray","17.461","MST1","8.4"
"454","Gray","P31.A22","MST1","9.5"
"455","Gray","NG10.S7","MST1","7.9"
"456","Gray","H69.A22","MST1","9.7"
"457","Gray","17.2B24","MST1","8.6"
"458","Gray","F34.A22","MST1","9.4"
"459","Gray","461.2B24","MST1","8.6"
"460","Gray","59R5","MST1","8.5"
"461","Wilken","P31.A22","MST1","9.1"
"462","Wilken","H69.A22","MST1","9.3"
"463","Wilken","461.2B24","MST1","8.9"
"464","Wilken","17.2B24","MST1","9"
"465","Wilken","17.461","MST1","8.8"
"466","Wilken","59R5","MST1","9.2"
"467","Wilken","NG10.S7","MST1","9"
"468","Wilken","F34.A22","MST1","9.9"
"469","Gruver","59R5","MST1","10.5"
"470","Gruver","17.2B24","MST1","8.4"
"471","Gruver","P31.A22","MST1","9.7"
"472","Gruver","461.2B24","MST1","8.9"
"473","Gruver","H69.A22","MST1","9.2"
"474","Gruver","F34.A22","MST1","8.7"
"475","Gruver","NG10.S7","MST1","8.6"
"476","Gruver","17.461","MST1","9"
"477","Gruver","59R5","MST1","."
"478","Gruver","59R5","MST1","."
"479","Ambriole","F34.A22","MST1","12.1"
"480","Ambriole","17.461","MST1","9.4"
"481","Ambriole","P31.A22","MST1","12.9"
"482","Ambriole","NG10.S7","MST1","7.9"
"483","Ambriole","17.2B24","MST1","10"
"484","Ambriole","59R5","MST1","10.7"
"485","Ambriole","461.2B24","MST1","10.7"
"486","Ambriole","H69.A22","MST1","11.9"
"487","Glazik","F34.A22","MST2","9"
"488","Glazik","P31.A22","MST2","8.9"
"489","Glazik","59R5","MST2","9.1"
"490","Glazik","H69.A22","MST2","8.9"
"491","Erisman","59R5","MST2","9.1"
"492","Erisman","17.461","MST2","9"
"493","Erisman","P31.A22","MST2","9.6"
"494","Erisman","F34.A22","MST2","9.9"
"495","Erisman","461.2B24","MST2","9"
"496","Erisman","17.2B24","MST2","8.8"
"497","Erisman","H69.A22","MST2","9.9"
"498","Erisman","NG10.S7","MST2","13.7"
"499","Buxton","P31.A22","MST2","9.4"
"500","Buxton","H69.A22","MST2","9.4"
"501","Buxton","461.2B24","MST2","9.4"
"502","Buxton","17.461","MST2","8.6"
"503","Buxton","NG10.S7","MST2","9"
"504","Buxton","59R5","MST2","9.5"
"505","Buxton","F34.A22","MST2","9.3"
"506","Buxton","17.2B24","MST2","9"
"507","Gray","17.461","MST2","8.6"
"508","Gray","P31.A22","MST2","9.6"
"509","Gray","NG10.S7","MST2","8.1"
"510","Gray","H69.A22","MST2","9.2"
"511","Gray","17.2B24","MST2","9.1"
"512","Gray","F34.A22","MST2","9.1"
"513","Gray","461.2B24","MST2","8.8"
"514","Gray","59R5","MST2","8.9"
"515","Wilken","P31.A22","MST2","9.1"
"516","Wilken","H69.A22","MST2","9.1"
"517","Wilken","461.2B24","MST2","8.9"
"518","Wilken","17.2B24","MST2","9.2"
"519","Wilken","17.461","MST2","9.2"
"520","Wilken","59R5","MST2","9.6"
"521","Wilken","NG10.S7","MST2","8.8"
"522","Wilken","F34.A22","MST2","9.5"
"523","Gruver","59R5","MST2","10.4"
"524","Gruver","17.2B24","MST2","8.2"
"525","Gruver","P31.A22","MST2","10.6"
"526","Gruver","461.2B24","MST2","9.8"
"527","Gruver","H69.A22","MST2","8.5"
"528","Gruver","F34.A22","MST2","9"
"529","Gruver","NG10.S7","MST2","8.2"
"530","Gruver","17.461","MST2","8.6"
"531","Gruver","59R5","MST2","."
"532","Gruver","59R5","MST2","."
"533","Ambriole","F34.A22","MST2","12.2"
"534","Ambriole","17.461","MST2","8.4"
"535","Ambriole","P31.A22","MST2","13.2"
"536","Ambriole","NG10.S7","MST2","8.5"
"537","Ambriole","17.2B24","MST2","10.1"
"538","Ambriole","59R5","MST2","9.8"
"539","Ambriole","461.2B24","MST2","9.1"
"540","Ambriole","H69.A22","MST2","13.4"
"541","Glazik","F34.A22","TWT1","63.3"
"542","Glazik","P31.A22","TWT1","63"
"543","Glazik","59R5","TWT1","62.4"
"544","Glazik","H69.A22","TWT1","61.8"
"545","Erisman","59R5","TWT1","64.3"
"546","Erisman","17.461","TWT1","58.1"
"547","Erisman","P31.A22","TWT1","65"
"548","Erisman","F34.A22","TWT1","63.5"
"549","Erisman","461.2B24","TWT1","60.3"
"550","Erisman","17.2B24","TWT1","59.1"
"551","Erisman","H69.A22","TWT1","64.8"
"552","Erisman","NG10.S7","TWT1","48"
"553","Buxton","P31.A22","TWT1","63.6"
"554","Buxton","H69.A22","TWT1","65.4"
"555","Buxton","461.2B24","TWT1","60.2"
"556","Buxton","17.461","TWT1","58.4"
"557","Buxton","NG10.S7","TWT1","60.6"
"558","Buxton","59R5","TWT1","63.8"
"559","Buxton","F34.A22","TWT1","62.3"
"560","Buxton","17.2B24","TWT1","57.8"
"561","Gray","17.461","TWT1","55.9"
"562","Gray","P31.A22","TWT1","62.5"
"563","Gray","NG10.S7","TWT1","54.2"
"564","Gray","H69.A22","TWT1","62.9"
"565","Gray","17.2B24","TWT1","54.9"
"566","Gray","F34.A22","TWT1","58.4"
"567","Gray","461.2B24","TWT1","57.2"
"568","Gray","59R5","TWT1","56.8"
"569","Wilken","P31.A22","TWT1","63"
"570","Wilken","H69.A22","TWT1","61.9"
"571","Wilken","461.2B24","TWT1","57.6"
"572","Wilken","17.2B24","TWT1","56.8"
"573","Wilken","17.461","TWT1","56.8"
"574","Wilken","59R5","TWT1","61.7"
"575","Wilken","NG10.S7","TWT1","58.3"
"576","Wilken","F34.A22","TWT1","61.3"
"577","Gruver","59R5","TWT1","51.9"
"578","Gruver","17.2B24","TWT1","51.6"
"579","Gruver","P31.A22","TWT1","54.3"
"580","Gruver","461.2B24","TWT1","50.7"
"581","Gruver","H69.A22","TWT1","54.9"
"582","Gruver","F34.A22","TWT1","57"
"583","Gruver","NG10.S7","TWT1","56.3"
"584","Gruver","17.461","TWT1","53.7"
"585","Gruver","59R5","TWT1","."
"586","Gruver","59R5","TWT1","."
"587","Ambriole","F34.A22","TWT1","55.7"
"588","Ambriole","17.461","TWT1","50.4"
"589","Ambriole","P31.A22","TWT1","56.8"
"590","Ambriole","NG10.S7","TWT1","56.3"
"591","Ambriole","17.2B24","TWT1","51.1"
"592","Ambriole","59R5","TWT1","56.4"
"593","Ambriole","461.2B24","TWT1","48.2"
"594","Ambriole","H69.A22","TWT1","59.4"
"595","Glazik","F34.A22","TWT2","63"
"596","Glazik","P31.A22","TWT2","63.9"
"597","Glazik","59R5","TWT2","63.1"
"598","Glazik","H69.A22","TWT2","62.8"
"599","Erisman","59R5","TWT2","64.9"
"600","Erisman","17.461","TWT2","58.2"
"601","Erisman","P31.A22","TWT2","65"
"602","Erisman","F34.A22","TWT2","63.2"
"603","Erisman","461.2B24","TWT2","59.2"
"604","Erisman","17.2B24","TWT2","58.2"
"605","Erisman","H69.A22","TWT2","64"
"606","Erisman","NG10.S7","TWT2","41.6"
"607","Buxton","P31.A22","TWT2","64.1"
"608","Buxton","H69.A22","TWT2","65.9"
"609","Buxton","461.2B24","TWT2","59.3"
"610","Buxton","17.461","TWT2","57.4"
"611","Buxton","NG10.S7","TWT2","59.7"
"612","Buxton","59R5","TWT2","64.9"
"613","Buxton","F34.A22","TWT2","63.1"
"614","Buxton","17.2B24","TWT2","57.5"
"615","Gray","17.461","TWT2","56.2"
"616","Gray","P31.A22","TWT2","62.2"
"617","Gray","NG10.S7","TWT2","53.9"
"618","Gray","H69.A22","TWT2","64.4"
"619","Gray","17.2B24","TWT2","54"
"620","Gray","F34.A22","TWT2","59.7"
"621","Gray","461.2B24","TWT2","57"
"622","Gray","59R5","TWT2","58"
"623","Wilken","P31.A22","TWT2","64.5"
"624","Wilken","H69.A22","TWT2","62.3"
"625","Wilken","461.2B24","TWT2","57.1"
"626","Wilken","17.2B24","TWT2","56.1"
"627","Wilken","17.461","TWT2","55.3"
"628","Wilken","59R5","TWT2","60.5"
"629","Wilken","NG10.S7","TWT2","57.8"
"630","Wilken","F34.A22","TWT2","62.1"
"631","Gruver","59R5","TWT2","51.5"
"632","Gruver","17.2B24","TWT2","52.8"
"633","Gruver","P31.A22","TWT2","52.2"
"634","Gruver","461.2B24","TWT2","48"
"635","Gruver","H69.A22","TWT2","57.3"
"636","Gruver","F34.A22","TWT2","58.1"
"637","Gruver","NG10.S7","TWT2","56.1"
"638","Gruver","17.461","TWT2","55.1"
"639","Gruver","59R5","TWT2","."
"640","Gruver","59R5","TWT2","."
"641","Ambriole","F34.A22","TWT2","55.6"
"642","Ambriole","17.461","TWT2","54"
"643","Ambriole","P31.A22","TWT2","56"
"644","Ambriole","NG10.S7","TWT2","55.5"
"645","Ambriole","17.2B24","TWT2","50.5"
"646","Ambriole","59R5","TWT2","59.6"
"647","Ambriole","461.2B24","TWT2","50.9"
"648","Ambriole","H69.A22","TWT2","55.5"
"649","Glazik","F34.A22","NOP1","27"
"650","Glazik","P31.A22","NOP1","26"
"651","Glazik","59R5","NOP1","24"
"652","Glazik","H69.A22","NOP1","18"
"653","Erisman","59R5","NOP1","21"
"654","Erisman","17.461","NOP1","19"
"655","Erisman","P31.A22","NOP1","19"
"656","Erisman","F34.A22","NOP1","22"
"657","Erisman","461.2B24","NOP1","17"
"658","Erisman","17.2B24","NOP1","19"
"659","Erisman","H69.A22","NOP1","15"
"660","Erisman","NG10.S7","NOP1","19"
"661","Buxton","P31.A22","NOP1","24"
"662","Buxton","H69.A22","NOP1","15"
"663","Buxton","461.2B24","NOP1","20"
"664","Buxton","17.461","NOP1","24"
"665","Buxton","NG10.S7","NOP1","28"
"666","Buxton","59R5","NOP1","26"
"667","Buxton","F34.A22","NOP1","24"
"668","Buxton","17.2B24","NOP1","27"
"669","Gray","17.461","NOP1","29"
"670","Gray","P31.A22","NOP1","26"
"671","Gray","NG10.S7","NOP1","23"
"672","Gray","H69.A22","NOP1","23"
"673","Gray","17.2B24","NOP1","28"
"674","Gray","F34.A22","NOP1","29"
"675","Gray","461.2B24","NOP1","27"
"676","Gray","59R5","NOP1","26"
"677","Wilken","P31.A22","NOP1","30"
"678","Wilken","H69.A22","NOP1","22"
"679","Wilken","461.2B24","NOP1","23"
"680","Wilken","17.2B24","NOP1","30"
"681","Wilken","17.461","NOP1","32"
"682","Wilken","59R5","NOP1","30"
"683","Wilken","NG10.S7","NOP1","29"
"684","Wilken","F34.A22","NOP1","34"
"685","Gruver","59R5","NOP1","27"
"686","Gruver","17.2B24","NOP1","24"
"687","Gruver","P31.A22","NOP1","25"
"688","Gruver","461.2B24","NOP1","20"
"689","Gruver","H69.A22","NOP1","26"
"690","Gruver","F34.A22","NOP1","19"
"691","Gruver","NG10.S7","NOP1","27"
"692","Gruver","17.461","NOP1","23"
"693","Gruver","59R5","NOP1","."
"694","Gruver","59R5","NOP1","."
"695","Ambriole","F34.A22","NOP1","."
"696","Ambriole","17.461","NOP1","."
"697","Ambriole","P31.A22","NOP1","."
"698","Ambriole","NG10.S7","NOP1","."
"699","Ambriole","17.2B24","NOP1","."
"700","Ambriole","59R5","NOP1","."
"701","Ambriole","461.2B24","NOP1","."
"702","Ambriole","H69.A22","NOP1","."
"703","Glazik","F34.A22","NOP2","26"
"704","Glazik","P31.A22","NOP2","24"
"705","Glazik","59R5","NOP2","22"
"706","Glazik","H69.A22","NOP2","17"
"707","Erisman","59R5","NOP2","22"
"708","Erisman","17.461","NOP2","19"
"709","Erisman","P31.A22","NOP2","20"
"710","Erisman","F34.A22","NOP2","23"
"711","Erisman","461.2B24","NOP2","21"
"712","Erisman","17.2B24","NOP2","15"
"713","Erisman","H69.A22","NOP2","15"
"714","Erisman","NG10.S7","NOP2","21"
"715","Buxton","P31.A22","NOP2","34"
"716","Buxton","H69.A22","NOP2","19"
"717","Buxton","461.2B24","NOP2","27"
"718","Buxton","17.461","NOP2","11"
"719","Buxton","NG10.S7","NOP2","23"
"720","Buxton","59R5","NOP2","26"
"721","Buxton","F34.A22","NOP2","22"
"722","Buxton","17.2B24","NOP2","30"
"723","Gray","17.461","NOP2","30"
"724","Gray","P31.A22","NOP2","22"
"725","Gray","NG10.S7","NOP2","19"
"726","Gray","H69.A22","NOP2","19"
"727","Gray","17.2B24","NOP2","29"
"728","Gray","F34.A22","NOP2","29"
"729","Gray","461.2B24","NOP2","25"
"730","Gray","59R5","NOP2","30"
"731","Wilken","P31.A22","NOP2","29"
"732","Wilken","H69.A22","NOP2","27"
"733","Wilken","461.2B24","NOP2","34"
"734","Wilken","17.2B24","NOP2","36"
"735","Wilken","17.461","NOP2","33"
"736","Wilken","59R5","NOP2","34"
"737","Wilken","NG10.S7","NOP2","32"
"738","Wilken","F34.A22","NOP2","34"
"739","Gruver","59R5","NOP2","28"
"740","Gruver","17.2B24","NOP2","27"
"741","Gruver","P31.A22","NOP2","23"
"742","Gruver","461.2B24","NOP2","27"
"743","Gruver","H69.A22","NOP2","23"
"744","Gruver","F34.A22","NOP2","25"
"745","Gruver","NG10.S7","NOP2","24"
"746","Gruver","17.461","NOP2","27"
"747","Gruver","59R5","NOP2","."
"748","Gruver","59R5","NOP2","."
"749","Ambriole","F34.A22","NOP2","."
"750","Ambriole","17.461","NOP2","."
"751","Ambriole","P31.A22","NOP2","."
"752","Ambriole","NG10.S7","NOP2","."
"753","Ambriole","17.2B24","NOP2","."
"754","Ambriole","59R5","NOP2","."
"755","Ambriole","461.2B24","NOP2","."
"756","Ambriole","H69.A22","NOP2","."
"757","Glazik","F34.A22","GWT1","3053"
"758","Glazik","P31.A22","GWT1","2567"
"759","Glazik","59R5","GWT1","3047"
"760","Glazik","H69.A22","GWT1","2323"
"761","Erisman","59R5","GWT1","4627.6"
"762","Erisman","17.461","GWT1","1947.1"
"763","Erisman","P31.A22","GWT1","3189.6"
"764","Erisman","F34.A22","GWT1","3356.2"
"765","Erisman","461.2B24","GWT1","2896.6"
"766","Erisman","17.2B24","GWT1","2366.5"
"767","Erisman","H69.A22","GWT1","2647.1"
"768","Erisman","NG10.S7","GWT1","2494.7"
"769","Buxton","P31.A22","GWT1","3996"
"770","Buxton","H69.A22","GWT1","3419"
"771","Buxton","461.2B24","GWT1","4393"
"772","Buxton","17.461","GWT1","3322"
"773","Buxton","NG10.S7","GWT1","4210.8"
"774","Buxton","59R5","GWT1","4371"
"775","Buxton","F34.A22","GWT1","4396"
"776","Buxton","17.2B24","GWT1","4373"
"777","Gray","17.461","GWT1","2352.3"
"778","Gray","P31.A22","GWT1","2166"
"779","Gray","NG10.S7","GWT1","910.8"
"780","Gray","H69.A22","GWT1","2383.8"
"781","Gray","17.2B24","GWT1","2418.2"
"782","Gray","F34.A22","GWT1","560.8"
"783","Gray","461.2B24","GWT1","2309"
"784","Gray","59R5","GWT1","2561.9"
"785","Wilken","P31.A22","GWT1","2379"
"786","Wilken","H69.A22","GWT1","1548"
"787","Wilken","461.2B24","GWT1","994"
"788","Wilken","17.2B24","GWT1","2510"
"789","Wilken","17.461","GWT1","2130"
"790","Wilken","59R5","GWT1","3631"
"791","Wilken","NG10.S7","GWT1","2925"
"792","Wilken","F34.A22","GWT1","3019"
"793","Gruver","59R5","GWT1","3798"
"794","Gruver","17.2B24","GWT1","2757"
"795","Gruver","P31.A22","GWT1","2696"
"796","Gruver","461.2B24","GWT1","1807"
"797","Gruver","H69.A22","GWT1","3135"
"798","Gruver","F34.A22","GWT1","3103"
"799","Gruver","NG10.S7","GWT1","2946"
"800","Gruver","17.461","GWT1","2443"
"801","Gruver","59R5","GWT1","."
"802","Gruver","59R5","GWT1","."
"803","Ambriole","F34.A22","GWT1","4082.4"
"804","Ambriole","17.461","GWT1","3198.2"
"805","Ambriole","P31.A22","GWT1","3222.5"
"806","Ambriole","NG10.S7","GWT1","2981.7"
"807","Ambriole","17.2B24","GWT1","3403.4"
"808","Ambriole","59R5","GWT1","3393.7"
"809","Ambriole","461.2B24","GWT1","2320.3"
"810","Ambriole","H69.A22","GWT1","3013.6"
"811","Glazik","F34.A22","GWT2","1788"
"812","Glazik","P31.A22","GWT2","2272"
"813","Glazik","59R5","GWT2","2835"
"814","Glazik","H69.A22","GWT2","1765"
"815","Erisman","59R5","GWT2","3679.4"
"816","Erisman","17.461","GWT2","2971.6"
"817","Erisman","P31.A22","GWT2","3047.1"
"818","Erisman","F34.A22","GWT2","2534.7"
"819","Erisman","461.2B24","GWT2","2419.3"
"820","Erisman","17.2B24","GWT2","2975.3"
"821","Erisman","H69.A22","GWT2","2622.1"
"822","Erisman","NG10.S7","GWT2","2455.8"
"823","Buxton","P31.A22","GWT2","4892"
"824","Buxton","H69.A22","GWT2","3812"
"825","Buxton","461.2B24","GWT2","2967"
"826","Buxton","17.461","GWT2","2203"
"827","Buxton","NG10.S7","GWT2","3234.1"
"828","Buxton","59R5","GWT2","5215"
"829","Buxton","F34.A22","GWT2","4216"
"830","Buxton","17.2B24","GWT2","4147"
"831","Gray","17.461","GWT2","2286.7"
"832","Gray","P31.A22","GWT2","2620"
"833","Gray","NG10.S7","GWT2","1115.8"
"834","Gray","H69.A22","GWT2","2333.5"
"835","Gray","17.2B24","GWT2","2550.8"
"836","Gray","F34.A22","GWT2","672.4"
"837","Gray","461.2B24","GWT2","2000.2"
"838","Gray","59R5","GWT2","1721.3"
"839","Wilken","P31.A22","GWT2","2345"
"840","Wilken","H69.A22","GWT2","1792"
"841","Wilken","461.2B24","GWT2","1818"
"842","Wilken","17.2B24","GWT2","3613"
"843","Wilken","17.461","GWT2","2077"
"844","Wilken","59R5","GWT2","2079"
"845","Wilken","NG10.S7","GWT2","2535"
"846","Wilken","F34.A22","GWT2","3059"
"847","Gruver","59R5","GWT2","3869"
"848","Gruver","17.2B24","GWT2","2537"
"849","Gruver","P31.A22","GWT2","2576"
"850","Gruver","461.2B24","GWT2","2610"
"851","Gruver","H69.A22","GWT2","2553"
"852","Gruver","F34.A22","GWT2","2425"
"853","Gruver","NG10.S7","GWT2","2045"
"854","Gruver","17.461","GWT2","2659"
"855","Gruver","59R5","GWT2","."
"856","Gruver","59R5","GWT2","."
"857","Ambriole","F34.A22","GWT2","."
"858","Ambriole","17.461","GWT2","."
"859","Ambriole","P31.A22","GWT2","."
"860","Ambriole","NG10.S7","GWT2","."
"861","Ambriole","17.2B24","GWT2","."
"862","Ambriole","59R5","GWT2","."
"863","Ambriole","461.2B24","GWT2","."
"864","Ambriole","H69.A22","GWT2","."
"865","Glazik","F34.A22","X300KWT1","71"
"866","Glazik","P31.A22","X300KWT1","70.1"
"867","Glazik","59R5","X300KWT1","84.7"
"868","Glazik","H69.A22","X300KWT1","78.6"
"869","Erisman","59R5","X300KWT1","88.6"
"870","Erisman","17.461","X300KWT1","85.8"
"871","Erisman","P31.A22","X300KWT1","87.2"
"872","Erisman","F34.A22","X300KWT1","80.1"
"873","Erisman","461.2B24","X300KWT1","78.9"
"874","Erisman","17.2B24","X300KWT1","86.5"
"875","Erisman","H69.A22","X300KWT1","102.1"
"876","Erisman","NG10.S7","X300KWT1","76.1"
"877","Buxton","P31.A22","X300KWT1","89.6"
"878","Buxton","H69.A22","X300KWT1","93.2"
"879","Buxton","461.2B24","X300KWT1","81"
"880","Buxton","17.461","X300KWT1","95.3"
"881","Buxton","NG10.S7","X300KWT1","83.3"
"882","Buxton","59R5","X300KWT1","79.4"
"883","Buxton","F34.A22","X300KWT1","84.7"
"884","Buxton","17.2B24","X300KWT1","77.8"
"885","Gray","17.461","X300KWT1","57.9"
"886","Gray","P31.A22","X300KWT1","74.9"
"887","Gray","NG10.S7","X300KWT1","51.4"
"888","Gray","H69.A22","X300KWT1","85.4"
"889","Gray","17.2B24","X300KWT1","55.3"
"890","Gray","F34.A22","X300KWT1","62.8"
"891","Gray","461.2B24","X300KWT1","65.3"
"892","Gray","59R5","X300KWT1","56.7"
"893","Wilken","P31.A22","X300KWT1","78.7"
"894","Wilken","H69.A22","X300KWT1","70.3"
"895","Wilken","461.2B24","X300KWT1","69.6"
"896","Wilken","17.2B24","X300KWT1","64.4"
"897","Wilken","17.461","X300KWT1","64.9"
"898","Wilken","59R5","X300KWT1","77.8"
"899","Wilken","NG10.S7","X300KWT1","71.2"
"900","Wilken","F34.A22","X300KWT1","63.6"
"901","Gruver","59R5","X300KWT1","74.5"
"902","Gruver","17.2B24","X300KWT1","73.9"
"903","Gruver","P31.A22","X300KWT1","74.5"
"904","Gruver","461.2B24","X300KWT1","68.7"
"905","Gruver","H69.A22","X300KWT1","71.5"
"906","Gruver","F34.A22","X300KWT1","78.6"
"907","Gruver","NG10.S7","X300KWT1","65.4"
"908","Gruver","17.461","X300KWT1","62.8"
"909","Gruver","59R5","X300KWT1","."
"910","Gruver","59R5","X300KWT1","."
"911","Ambriole","F34.A22","X300KWT1","75.7"
"912","Ambriole","17.461","X300KWT1","69"
"913","Ambriole","P31.A22","X300KWT1","84.1"
"914","Ambriole","NG10.S7","X300KWT1","67.7"
"915","Ambriole","17.2B24","X300KWT1","60.2"
"916","Ambriole","59R5","X300KWT1","81.4"
"917","Ambriole","461.2B24","X300KWT1","68.3"
"918","Ambriole","H69.A22","X300KWT1","88.4"
"919","Glazik","F34.A22","X300KWT2","70.6"
"920","Glazik","P31.A22","X300KWT2","72.3"
"921","Glazik","59R5","X300KWT2","76.5"
"922","Glazik","H69.A22","X300KWT2","72.1"
"923","Erisman","59R5","X300KWT2","85.1"
"924","Erisman","17.461","X300KWT2","86.9"
"925","Erisman","P31.A22","X300KWT2","88.2"
"926","Erisman","F34.A22","X300KWT2","80.6"
"927","Erisman","461.2B24","X300KWT2","76.2"
"928","Erisman","17.2B24","X300KWT2","83.1"
"929","Erisman","H69.A22","X300KWT2","101.5"
"930","Erisman","NG10.S7","X300KWT2","71.1"
"931","Buxton","P31.A22","X300KWT2","88.1"
"932","Buxton","H69.A22","X300KWT2","108.8"
"933","Buxton","461.2B24","X300KWT2","78"
"934","Buxton","17.461","X300KWT2","91.9"
"935","Buxton","NG10.S7","X300KWT2","82.1"
"936","Buxton","59R5","X300KWT2","71.4"
"937","Buxton","F34.A22","X300KWT2","95.9"
"938","Buxton","17.2B24","X300KWT2","78.7"
"939","Gray","17.461","X300KWT2","61.3"
"940","Gray","P31.A22","X300KWT2","66.6"
"941","Gray","NG10.S7","X300KWT2","53.6"
"942","Gray","H69.A22","X300KWT2","81.7"
"943","Gray","17.2B24","X300KWT2","57.8"
"944","Gray","F34.A22","X300KWT2","68.4"
"945","Gray","461.2B24","X300KWT2","69.6"
"946","Gray","59R5","X300KWT2","63.5"
"947","Wilken","P31.A22","X300KWT2","77.2"
"948","Wilken","H69.A22","X300KWT2","78.1"
"949","Wilken","461.2B24","X300KWT2","69.7"
"950","Wilken","17.2B24","X300KWT2","68"
"951","Wilken","17.461","X300KWT2","62.3"
"952","Wilken","59R5","X300KWT2","71.4"
"953","Wilken","NG10.S7","X300KWT2","62.5"
"954","Wilken","F34.A22","X300KWT2","71.4"
"955","Gruver","59R5","X300KWT2","69.4"
"956","Gruver","17.2B24","X300KWT2","66.8"
"957","Gruver","P31.A22","X300KWT2","75.2"
"958","Gruver","461.2B24","X300KWT2","60.5"
"959","Gruver","H69.A22","X300KWT2","66.6"
"960","Gruver","F34.A22","X300KWT2","71.9"
"961","Gruver","NG10.S7","X300KWT2","69.5"
"962","Gruver","17.461","X300KWT2","71.7"
"963","Gruver","59R5","X300KWT2","."
"964","Gruver","59R5","X300KWT2","."
"965","Ambriole","F34.A22","X300KWT2","."
"966","Ambriole","17.461","X300KWT2","."
"967","Ambriole","P31.A22","X300KWT2","."
"968","Ambriole","NG10.S7","X300KWT2","."
"969","Ambriole","17.2B24","X300KWT2","."
"970","Ambriole","59R5","X300KWT2","."
"971","Ambriole","461.2B24","X300KWT2","."
"972","Ambriole","H69.A22","X300KWT2","."
"973","Glazik","F34.A22","PRO1","7.1"
"974","Glazik","P31.A22","PRO1","7.5"
"975","Glazik","59R5","PRO1","6.7"
"976","Glazik","H69.A22","PRO1","8.6"
"977","Erisman","59R5","PRO1","7.4"
"978","Erisman","17.461","PRO1","8.6"
"979","Erisman","P31.A22","PRO1","8.3"
"980","Erisman","F34.A22","PRO1","8.6"
"981","Erisman","461.2B24","PRO1","10"
"982","Erisman","17.2B24","PRO1","9.8"
"983","Erisman","H69.A22","PRO1","9.5"
"984","Erisman","NG10.S7","PRO1","9.5"
"985","Buxton","P31.A22","PRO1","8.9"
"986","Buxton","H69.A22","PRO1","9.8"
"987","Buxton","461.2B24","PRO1","11.2"
"988","Buxton","17.461","PRO1","10.7"
"989","Buxton","NG10.S7","PRO1","9.5"
"990","Buxton","59R5","PRO1","7.3"
"991","Buxton","F34.A22","PRO1","7.5"
"992","Buxton","17.2B24","PRO1","8.5"
"993","Gray","17.461","PRO1","7"
"994","Gray","P31.A22","PRO1","6.5"
"995","Gray","NG10.S7","PRO1","6.9"
"996","Gray","H69.A22","PRO1","6.3"
"997","Gray","17.2B24","PRO1","6.3"
"998","Gray","F34.A22","PRO1","6.9"
"999","Gray","461.2B24","PRO1","7.8"
"1000","Gray","59R5","PRO1","6.1"
"1001","Wilken","P31.A22","PRO1","7.5"
"1002","Wilken","H69.A22","PRO1","7.7"
"1003","Wilken","461.2B24","PRO1","9.1"
"1004","Wilken","17.2B24","PRO1","7.5"
"1005","Wilken","17.461","PRO1","7.4"
"1006","Wilken","59R5","PRO1","6.8"
"1007","Wilken","NG10.S7","PRO1","7.7"
"1008","Wilken","F34.A22","PRO1","7"
"1009","Gruver","59R5","PRO1","7.9"
"1010","Gruver","17.2B24","PRO1","8.8"
"1011","Gruver","P31.A22","PRO1","8.6"
"1012","Gruver","461.2B24","PRO1","9.4"
"1013","Gruver","H69.A22","PRO1","8.9"
"1014","Gruver","F34.A22","PRO1","8.7"
"1015","Gruver","NG10.S7","PRO1","8.3"
"1016","Gruver","17.461","PRO1","8.9"
"1017","Gruver","59R5","PRO1","."
"1018","Gruver","59R5","PRO1","."
"1019","Ambriole","F34.A22","PRO1","8.5"
"1020","Ambriole","17.461","PRO1","9.1"
"1021","Ambriole","P31.A22","PRO1","8.9"
"1022","Ambriole","NG10.S7","PRO1","8.6"
"1023","Ambriole","17.2B24","PRO1","8.3"
"1024","Ambriole","59R5","PRO1","7"
"1025","Ambriole","461.2B24","PRO1","9.6"
"1026","Ambriole","H69.A22","PRO1","8.3"
"1027","Glazik","F34.A22","PRO2","7.1"
"1028","Glazik","P31.A22","PRO2","7.2"
"1029","Glazik","59R5","PRO2","6.8"
"1030","Glazik","H69.A22","PRO2","8.5"
"1031","Erisman","59R5","PRO2","7.1"
"1032","Erisman","17.461","PRO2","8.9"
"1033","Erisman","P31.A22","PRO2","8.2"
"1034","Erisman","F34.A22","PRO2","8.4"
"1035","Erisman","461.2B24","PRO2","10.2"
"1036","Erisman","17.2B24","PRO2","9.8"
"1037","Erisman","H69.A22","PRO2","9.7"
"1038","Erisman","NG10.S7","PRO2","9.5"
"1039","Buxton","P31.A22","PRO2","8.8"
"1040","Buxton","H69.A22","PRO2","9.6"
"1041","Buxton","461.2B24","PRO2","10.9"
"1042","Buxton","17.461","PRO2","11"
"1043","Buxton","NG10.S7","PRO2","9.4"
"1044","Buxton","59R5","PRO2","7.6"
"1045","Buxton","F34.A22","PRO2","7.6"
"1046","Buxton","17.2B24","PRO2","8.4"
"1047","Gray","17.461","PRO2","6.9"
"1048","Gray","P31.A22","PRO2","6.6"
"1049","Gray","NG10.S7","PRO2","6.6"
"1050","Gray","H69.A22","PRO2","6.4"
"1051","Gray","17.2B24","PRO2","6.3"
"1052","Gray","F34.A22","PRO2","7.3"
"1053","Gray","461.2B24","PRO2","7.6"
"1054","Gray","59R5","PRO2","6.1"
"1055","Wilken","P31.A22","PRO2","7.6"
"1056","Wilken","H69.A22","PRO2","7.9"
"1057","Wilken","461.2B24","PRO2","9.2"
"1058","Wilken","17.2B24","PRO2","7.4"
"1059","Wilken","17.461","PRO2","7.5"
"1060","Wilken","59R5","PRO2","6.6"
"1061","Wilken","NG10.S7","PRO2","7.5"
"1062","Wilken","F34.A22","PRO2","7"
"1063","Gruver","59R5","PRO2","8.1"
"1064","Gruver","17.2B24","PRO2","8.6"
"1065","Gruver","P31.A22","PRO2","8.4"
"1066","Gruver","461.2B24","PRO2","9.4"
"1067","Gruver","H69.A22","PRO2","8.8"
"1068","Gruver","F34.A22","PRO2","8.7"
"1069","Gruver","NG10.S7","PRO2","8.3"
"1070","Gruver","17.461","PRO2","9"
"1071","Gruver","59R5","PRO2","."
"1072","Gruver","59R5","PRO2","."
"1073","Ambriole","F34.A22","PRO2","8.4"
"1074","Ambriole","17.461","PRO2","8.8"
"1075","Ambriole","P31.A22","PRO2","8.6"
"1076","Ambriole","NG10.S7","PRO2","8.4"
"1077","Ambriole","17.2B24","PRO2","8.2"
"1078","Ambriole","59R5","PRO2","6.9"
"1079","Ambriole","461.2B24","PRO2","9.5"
"1080","Ambriole","H69.A22","PRO2","8.2"
"1081","Glazik","F34.A22","OIL1","3.9"
"1082","Glazik","P31.A22","OIL1","4.1"
"1083","Glazik","59R5","OIL1","3.5"
"1084","Glazik","H69.A22","OIL1","4.1"
"1085","Erisman","59R5","OIL1","3.4"
"1086","Erisman","17.461","OIL1","5.1"
"1087","Erisman","P31.A22","OIL1","4.5"
"1088","Erisman","F34.A22","OIL1","4.4"
"1089","Erisman","461.2B24","OIL1","4.9"
"1090","Erisman","17.2B24","OIL1","4.6"
"1091","Erisman","H69.A22","OIL1","4.8"
"1092","Erisman","NG10.S7","OIL1","4.2"
"1093","Buxton","P31.A22","OIL1","4.5"
"1094","Buxton","H69.A22","OIL1","4.8"
"1095","Buxton","461.2B24","OIL1","4.5"
"1096","Buxton","17.461","OIL1","4.6"
"1097","Buxton","NG10.S7","OIL1","4.4"
"1098","Buxton","59R5","OIL1","3.4"
"1099","Buxton","F34.A22","OIL1","3.7"
"1100","Buxton","17.2B24","OIL1","5.1"
"1101","Gray","17.461","OIL1","5.2"
"1102","Gray","P31.A22","OIL1","4.2"
"1103","Gray","NG10.S7","OIL1","4.3"
"1104","Gray","H69.A22","OIL1","4.6"
"1105","Gray","17.2B24","OIL1","4.7"
"1106","Gray","F34.A22","OIL1","4.1"
"1107","Gray","461.2B24","OIL1","4.7"
"1108","Gray","59R5","OIL1","3.4"
"1109","Wilken","P31.A22","OIL1","4.2"
"1110","Wilken","H69.A22","OIL1","4.3"
"1111","Wilken","461.2B24","OIL1","4.6"
"1112","Wilken","17.2B24","OIL1","4.7"
"1113","Wilken","17.461","OIL1","4.9"
"1114","Wilken","59R5","OIL1","3.5"
"1115","Wilken","NG10.S7","OIL1","4.1"
"1116","Wilken","F34.A22","OIL1","4.2"
"1117","Gruver","59R5","OIL1","3.2"
"1118","Gruver","17.2B24","OIL1","4.5"
"1119","Gruver","P31.A22","OIL1","4.3"
"1120","Gruver","461.2B24","OIL1","4.8"
"1121","Gruver","H69.A22","OIL1","4.7"
"1122","Gruver","F34.A22","OIL1","4.6"
"1123","Gruver","NG10.S7","OIL1","4.5"
"1124","Gruver","17.461","OIL1","4.3"
"1125","Gruver","59R5","OIL1","."
"1126","Gruver","59R5","OIL1","."
"1127","Ambriole","F34.A22","OIL1","4.3"
"1128","Ambriole","17.461","OIL1","4.5"
"1129","Ambriole","P31.A22","OIL1","4.4"
"1130","Ambriole","NG10.S7","OIL1","3.8"
"1131","Ambriole","17.2B24","OIL1","4.6"
"1132","Ambriole","59R5","OIL1","3.2"
"1133","Ambriole","461.2B24","OIL1","4.6"
"1134","Ambriole","H69.A22","OIL1","4.4"
"1135","Glazik","F34.A22","OIL2","3.9"
"1136","Glazik","P31.A22","OIL2","4.2"
"1137","Glazik","59R5","OIL2","3.5"
"1138","Glazik","H69.A22","OIL2","4.3"
"1139","Erisman","59R5","OIL2","3.3"
"1140","Erisman","17.461","OIL2","4.9"
"1141","Erisman","P31.A22","OIL2","4.5"
"1142","Erisman","F34.A22","OIL2","4.2"
"1143","Erisman","461.2B24","OIL2","4.5"
"1144","Erisman","17.2B24","OIL2","4.9"
"1145","Erisman","H69.A22","OIL2","4.7"
"1146","Erisman","NG10.S7","OIL2","4"
"1147","Buxton","P31.A22","OIL2","4.5"
"1148","Buxton","H69.A22","OIL2","4.7"
"1149","Buxton","461.2B24","OIL2","4.7"
"1150","Buxton","17.461","OIL2","4.5"
"1151","Buxton","NG10.S7","OIL2","4.1"
"1152","Buxton","59R5","OIL2","3.4"
"1153","Buxton","F34.A22","OIL2","3.9"
"1154","Buxton","17.2B24","OIL2","5"
"1155","Gray","17.461","OIL2","5.1"
"1156","Gray","P31.A22","OIL2","4.1"
"1157","Gray","NG10.S7","OIL2","4"
"1158","Gray","H69.A22","OIL2","4.4"
"1159","Gray","17.2B24","OIL2","4.8"
"1160","Gray","F34.A22","OIL2","4.4"
"1161","Gray","461.2B24","OIL2","4.9"
"1162","Gray","59R5","OIL2","3.4"
"1163","Wilken","P31.A22","OIL2","4.3"
"1164","Wilken","H69.A22","OIL2","4.3"
"1165","Wilken","461.2B24","OIL2","4.7"
"1166","Wilken","17.2B24","OIL2","4.9"
"1167","Wilken","17.461","OIL2","5"
"1168","Wilken","59R5","OIL2","3.5"
"1169","Wilken","NG10.S7","OIL2","4"
"1170","Wilken","F34.A22","OIL2","4.1"
"1171","Gruver","59R5","OIL2","3.3"
"1172","Gruver","17.2B24","OIL2","4.4"
"1173","Gruver","P31.A22","OIL2","4.7"
"1174","Gruver","461.2B24","OIL2","4.9"
"1175","Gruver","H69.A22","OIL2","4.4"
"1176","Gruver","F34.A22","OIL2","4.4"
"1177","Gruver","NG10.S7","OIL2","4.4"
"1178","Gruver","17.461","OIL2","4.5"
"1179","Gruver","59R5","OIL2","."
"1180","Gruver","59R5","OIL2","."
"1181","Ambriole","F34.A22","OIL2","4.3"
"1182","Ambriole","17.461","OIL2","4.5"
"1183","Ambriole","P31.A22","OIL2","4.2"
"1184","Ambriole","NG10.S7","OIL2","3.7"
"1185","Ambriole","17.2B24","OIL2","4.5"
"1186","Ambriole","59R5","OIL2","3.1"
"1187","Ambriole","461.2B24","OIL2","4.6"
"1188","Ambriole","H69.A22","OIL2","4.4"
"1189","Glazik","F34.A22","STA1","72.7"
"1190","Glazik","P31.A22","STA1","72.4"
"1191","Glazik","59R5","STA1","73.4"
"1192","Glazik","H69.A22","STA1","71.5"
"1193","Erisman","59R5","STA1","73.2"
"1194","Erisman","17.461","STA1","69.4"
"1195","Erisman","P31.A22","STA1","71.2"
"1196","Erisman","F34.A22","STA1","71"
"1197","Erisman","461.2B24","STA1","68.5"
"1198","Erisman","17.2B24","STA1","69"
"1199","Erisman","H69.A22","STA1","69.7"
"1200","Erisman","NG10.S7","STA1","69.8"
"1201","Buxton","P31.A22","STA1","70.7"
"1202","Buxton","H69.A22","STA1","69.5"
"1203","Buxton","461.2B24","STA1","68"
"1204","Buxton","17.461","STA1","68"
"1205","Buxton","NG10.S7","STA1","69.6"
"1206","Buxton","59R5","STA1","73.1"
"1207","Buxton","F34.A22","STA1","72.5"
"1208","Buxton","17.2B24","STA1","69.3"
"1209","Gray","17.461","STA1","70.7"
"1210","Gray","P31.A22","STA1","73"
"1211","Gray","NG10.S7","STA1","71.9"
"1212","Gray","H69.A22","STA1","72.4"
"1213","Gray","17.2B24","STA1","72"
"1214","Gray","F34.A22","STA1","72.6"
"1215","Gray","461.2B24","STA1","70.9"
"1216","Gray","59R5","STA1","73.8"
"1217","Wilken","P31.A22","STA1","72.2"
"1218","Wilken","H69.A22","STA1","71.8"
"1219","Wilken","461.2B24","STA1","69.8"
"1220","Wilken","17.2B24","STA1","70.9"
"1221","Wilken","17.461","STA1","70.5"
"1222","Wilken","59R5","STA1","73.3"
"1223","Wilken","NG10.S7","STA1","71.6"
"1224","Wilken","F34.A22","STA1","72.6"
"1225","Gruver","59R5","STA1","72.9"
"1226","Gruver","17.2B24","STA1","69.9"
"1227","Gruver","P31.A22","STA1","71"
"1228","Gruver","461.2B24","STA1","69.3"
"1229","Gruver","H69.A22","STA1","70.1"
"1230","Gruver","F34.A22","STA1","70.6"
"1231","Gruver","NG10.S7","STA1","71.1"
"1232","Gruver","17.461","STA1","70.6"
"1233","Gruver","59R5","STA1","."
"1234","Gruver","59R5","STA1","."
"1235","Ambriole","F34.A22","STA1","71.3"
"1236","Ambriole","17.461","STA1","69.4"
"1237","Ambriole","P31.A22","STA1","71"
"1238","Ambriole","NG10.S7","STA1","71.1"
"1239","Ambriole","17.2B24","STA1","70.2"
"1240","Ambriole","59R5","STA1","73.4"
"1241","Ambriole","461.2B24","STA1","69.2"
"1242","Ambriole","H69.A22","STA1","71.3"
"1243","Glazik","F34.A22","STA2","72.7"
"1244","Glazik","P31.A22","STA2","72.4"
"1245","Glazik","59R5","STA2","73.4"
"1246","Glazik","H69.A22","STA2","71.2"
"1247","Erisman","59R5","STA2","73.2"
"1248","Erisman","17.461","STA2","69.4"
"1249","Erisman","P31.A22","STA2","71.3"
"1250","Erisman","F34.A22","STA2","71.5"
"1251","Erisman","461.2B24","STA2","68.8"
"1252","Erisman","17.2B24","STA2","68.6"
"1253","Erisman","H69.A22","STA2","69.9"
"1254","Erisman","NG10.S7","STA2","70"
"1255","Buxton","P31.A22","STA2","70.8"
"1256","Buxton","H69.A22","STA2","69.8"
"1257","Buxton","461.2B24","STA2","67.9"
"1258","Buxton","17.461","STA2","68"
"1259","Buxton","NG10.S7","STA2","70.1"
"1260","Buxton","59R5","STA2","72.9"
"1261","Buxton","F34.A22","STA2","72.2"
"1262","Buxton","17.2B24","STA2","69.5"
"1263","Gray","17.461","STA2","70.7"
"1264","Gray","P31.A22","STA2","73"
"1265","Gray","NG10.S7","STA2","72.6"
"1266","Gray","H69.A22","STA2","72.8"
"1267","Gray","17.2B24","STA2","71.8"
"1268","Gray","F34.A22","STA2","72.1"
"1269","Gray","461.2B24","STA2","70.5"
"1270","Gray","59R5","STA2","73.7"
"1271","Wilken","P31.A22","STA2","72"
"1272","Wilken","H69.A22","STA2","71.7"
"1273","Wilken","461.2B24","STA2","69.5"
"1274","Wilken","17.2B24","STA2","70.6"
"1275","Wilken","17.461","STA2","70.5"
"1276","Wilken","59R5","STA2","73.5"
"1277","Wilken","NG10.S7","STA2","71.8"
"1278","Wilken","F34.A22","STA2","72.7"
"1279","Gruver","59R5","STA2","72.7"
"1280","Gruver","17.2B24","STA2","70.1"
"1281","Gruver","P31.A22","STA2","70.8"
"1282","Gruver","461.2B24","STA2","69.2"
"1283","Gruver","H69.A22","STA2","70.6"
"1284","Gruver","F34.A22","STA2","70.9"
"1285","Gruver","NG10.S7","STA2","71.2"
"1286","Gruver","17.461","STA2","70.4"
"1287","Gruver","59R5","STA2","."
"1288","Gruver","59R5","STA2","."
"1289","Ambriole","F34.A22","STA2","71.2"
"1290","Ambriole","17.461","STA2","69.7"
"1291","Ambriole","P31.A22","STA2","71.2"
"1292","Ambriole","NG10.S7","STA2","71.3"
"1293","Ambriole","17.2B24","STA2","70.4"
"1294","Ambriole","59R5","STA2","73.7"
"1295","Ambriole","461.2B24","STA2","69.1"
"1296","Ambriole","H69.A22","STA2","71.3"
"1297","Glazik","F34.A22","DEN1","1.277"
"1298","Glazik","P31.A22","DEN1","1.28"
"1299","Glazik","59R5","DEN1","1.254"
"1300","Glazik","H69.A22","DEN1","1.285"
"1301","Erisman","59R5","DEN1","1.254"
"1302","Erisman","17.461","DEN1","1.147"
"1303","Erisman","P31.A22","DEN1","1.284"
"1304","Erisman","F34.A22","DEN1","1.274"
"1305","Erisman","461.2B24","DEN1","1.166"
"1306","Erisman","17.2B24","DEN1","1.176"
"1307","Erisman","H69.A22","DEN1","1.282"
"1308","Erisman","NG10.S7","DEN1","1.207"
"1309","Buxton","P31.A22","DEN1","1.277"
"1310","Buxton","H69.A22","DEN1","1.292"
"1311","Buxton","461.2B24","DEN1","1.204"
"1312","Buxton","17.461","DEN1","1.137"
"1313","Buxton","NG10.S7","DEN1","1.216"
"1314","Buxton","59R5","DEN1","1.265"
"1315","Buxton","F34.A22","DEN1","1.263"
"1316","Buxton","17.2B24","DEN1","1.162"
"1317","Gray","17.461","DEN1","1.147"
"1318","Gray","P31.A22","DEN1","1.255"
"1319","Gray","NG10.S7","DEN1","1.166"
"1320","Gray","H69.A22","DEN1","1.234"
"1321","Gray","17.2B24","DEN1","1.155"
"1322","Gray","F34.A22","DEN1","1.242"
"1323","Gray","461.2B24","DEN1","1.162"
"1324","Gray","59R5","DEN1","1.201"
"1325","Wilken","P31.A22","DEN1","1.272"
"1326","Wilken","H69.A22","DEN1","1.272"
"1327","Wilken","461.2B24","DEN1","1.185"
"1328","Wilken","17.2B24","DEN1","1.163"
"1329","Wilken","17.461","DEN1","1.141"
"1330","Wilken","59R5","DEN1","1.24"
"1331","Wilken","NG10.S7","DEN1","1.199"
"1332","Wilken","F34.A22","DEN1","1.263"
"1333","Gruver","59R5","DEN1","1.275"
"1334","Gruver","17.2B24","DEN1","1.17"
"1335","Gruver","P31.A22","DEN1","1.255"
"1336","Gruver","461.2B24","DEN1","1.207"
"1337","Gruver","H69.A22","DEN1","1.244"
"1338","Gruver","F34.A22","DEN1","1.266"
"1339","Gruver","NG10.S7","DEN1","1.258"
"1340","Gruver","17.461","DEN1","1.251"
"1341","Gruver","59R5","DEN1","."
"1342","Gruver","59R5","DEN1","."
"1343","Ambriole","F34.A22","DEN1","1.296"
"1344","Ambriole","17.461","DEN1","1.161"
"1345","Ambriole","P31.A22","DEN1","1.292"
"1346","Ambriole","NG10.S7","DEN1","1.211"
"1347","Ambriole","17.2B24","DEN1","1.156"
"1348","Ambriole","59R5","DEN1","1.255"
"1349","Ambriole","461.2B24","DEN1","1.171"
"1350","Ambriole","H69.A22","DEN1","1.281"
"1351","Glazik","F34.A22","DEN2","1.285"
"1352","Glazik","P31.A22","DEN2","1.278"
"1353","Glazik","59R5","DEN2","1.263"
"1354","Glazik","H69.A22","DEN2","1.288"
"1355","Erisman","59R5","DEN2","1.24"
"1356","Erisman","17.461","DEN2","1.162"
"1357","Erisman","P31.A22","DEN2","1.277"
"1358","Erisman","F34.A22","DEN2","1.288"
"1359","Erisman","461.2B24","DEN2","1.175"
"1360","Erisman","17.2B24","DEN2","1.17"
"1361","Erisman","H69.A22","DEN2","1.29"
"1362","Erisman","NG10.S7","DEN2","1.213"
"1363","Buxton","P31.A22","DEN2","1.288"
"1364","Buxton","H69.A22","DEN2","1.283"
"1365","Buxton","461.2B24","DEN2","1.194"
"1366","Buxton","17.461","DEN2","1.151"
"1367","Buxton","NG10.S7","DEN2","1.222"
"1368","Buxton","59R5","DEN2","1.281"
"1369","Buxton","F34.A22","DEN2","1.274"
"1370","Buxton","17.2B24","DEN2","1.158"
"1371","Gray","17.461","DEN2","1.135"
"1372","Gray","P31.A22","DEN2","1.257"
"1373","Gray","NG10.S7","DEN2","1.174"
"1374","Gray","H69.A22","DEN2","1.247"
"1375","Gray","17.2B24","DEN2","1.15"
"1376","Gray","F34.A22","DEN2","1.243"
"1377","Gray","461.2B24","DEN2","1.143"
"1378","Gray","59R5","DEN2","1.196"
"1379","Wilken","P31.A22","DEN2","1.271"
"1380","Wilken","H69.A22","DEN2","1.28"
"1381","Wilken","461.2B24","DEN2","1.184"
"1382","Wilken","17.2B24","DEN2","1.144"
"1383","Wilken","17.461","DEN2","1.146"
"1384","Wilken","59R5","DEN2","1.229"
"1385","Wilken","NG10.S7","DEN2","1.188"
"1386","Wilken","F34.A22","DEN2","1.261"
"1387","Gruver","59R5","DEN2","1.285"
"1388","Gruver","17.2B24","DEN2","1.162"
"1389","Gruver","P31.A22","DEN2","1.259"
"1390","Gruver","461.2B24","DEN2","1.209"
"1391","Gruver","H69.A22","DEN2","1.238"
"1392","Gruver","F34.A22","DEN2","1.281"
"1393","Gruver","NG10.S7","DEN2","1.273"
"1394","Gruver","17.461","DEN2","1.252"
"1395","Gruver","59R5","DEN2","."
"1396","Gruver","59R5","DEN2","."
"1397","Ambriole","F34.A22","DEN2","1.285"
"1398","Ambriole","17.461","DEN2","1.154"
"1399","Ambriole","P31.A22","DEN2","1.278"
"1400","Ambriole","NG10.S7","DEN2","1.207"
"1401","Ambriole","17.2B24","DEN2","1.152"
"1402","Ambriole","59R5","DEN2","1.249"
"1403","Ambriole","461.2B24","DEN2","1.158"
"1404","Ambriole","H69.A22","DEN2","1.281"
"1405","Glazik","F34.A22","FIB1","9.89"
"1406","Glazik","P31.A22","FIB1","10.02"
"1407","Glazik","59R5","FIB1","9.94"
"1408","Glazik","H69.A22","FIB1","9.95"
"1409","Erisman","59R5","FIB1","9.93"
"1410","Erisman","17.461","FIB1","9.27"
"1411","Erisman","P31.A22","FIB1","10"
"1412","Erisman","F34.A22","FIB1","9.89"
"1413","Erisman","461.2B24","FIB1","9.33"
"1414","Erisman","17.2B24","FIB1","9.34"
"1415","Erisman","H69.A22","FIB1","9.82"
"1416","Erisman","NG10.S7","FIB1","9.49"
"1417","Buxton","P31.A22","FIB1","9.88"
"1418","Buxton","H69.A22","FIB1","9.83"
"1419","Buxton","461.2B24","FIB1","9.26"
"1420","Buxton","17.461","FIB1","9.27"
"1421","Buxton","NG10.S7","FIB1","9.47"
"1422","Buxton","59R5","FIB1","9.92"
"1423","Buxton","F34.A22","FIB1","9.82"
"1424","Buxton","17.2B24","FIB1","9.24"
"1425","Gray","17.461","FIB1","9.45"
"1426","Gray","P31.A22","FIB1","10"
"1427","Gray","NG10.S7","FIB1","9.61"
"1428","Gray","H69.A22","FIB1","9.87"
"1429","Gray","17.2B24","FIB1","9.59"
"1430","Gray","F34.A22","FIB1","9.92"
"1431","Gray","461.2B24","FIB1","9.5"
"1432","Gray","59R5","FIB1","9.82"
"1433","Wilken","P31.A22","FIB1","10.07"
"1434","Wilken","H69.A22","FIB1","9.97"
"1435","Wilken","461.2B24","FIB1","9.58"
"1436","Wilken","17.2B24","FIB1","9.56"
"1437","Wilken","17.461","FIB1","9.45"
"1438","Wilken","59R5","FIB1","9.96"
"1439","Wilken","NG10.S7","FIB1","9.66"
"1440","Wilken","F34.A22","FIB1","10.04"
"1441","Gruver","59R5","FIB1","10.02"
"1442","Gruver","17.2B24","FIB1","9.48"
"1443","Gruver","P31.A22","FIB1","9.87"
"1444","Gruver","461.2B24","FIB1","9.57"
"1445","Gruver","H69.A22","FIB1","9.76"
"1446","Gruver","F34.A22","FIB1","9.87"
"1447","Gruver","NG10.S7","FIB1","9.9"
"1448","Gruver","17.461","FIB1","9.82"
"1449","Gruver","59R5","FIB1","."
"1450","Gruver","59R5","FIB1","."
"1451","Ambriole","F34.A22","FIB1","9.94"
"1452","Ambriole","17.461","FIB1","9.21"
"1453","Ambriole","P31.A22","FIB1","9.95"
"1454","Ambriole","NG10.S7","FIB1","9.53"
"1455","Ambriole","17.2B24","FIB1","9.3"
"1456","Ambriole","59R5","FIB1","9.83"
"1457","Ambriole","461.2B24","FIB1","9.27"
"1458","Ambriole","H69.A22","FIB1","9.87"
"1459","Glazik","F34.A22","FIB2","9.95"
"1460","Glazik","P31.A22","FIB2","10.03"
"1461","Glazik","59R5","FIB2","9.96"
"1462","Glazik","H69.A22","FIB2","9.94"
"1463","Erisman","59R5","FIB2","9.85"
"1464","Erisman","17.461","FIB2","9.28"
"1465","Erisman","P31.A22","FIB2","9.96"
"1466","Erisman","F34.A22","FIB2","10"
"1467","Erisman","461.2B24","FIB2","9.37"
"1468","Erisman","17.2B24","FIB2","9.25"
"1469","Erisman","H69.A22","FIB2","9.87"
"1470","Erisman","NG10.S7","FIB2","9.48"
"1471","Buxton","P31.A22","FIB2","9.92"
"1472","Buxton","H69.A22","FIB2","9.78"
"1473","Buxton","461.2B24","FIB2","9.2"
"1474","Buxton","17.461","FIB2","9.3"
"1475","Buxton","NG10.S7","FIB2","9.55"
"1476","Buxton","59R5","FIB2","9.98"
"1477","Buxton","F34.A22","FIB2","9.86"
"1478","Buxton","17.2B24","FIB2","9.21"
"1479","Gray","17.461","FIB2","9.39"
"1480","Gray","P31.A22","FIB2","10.01"
"1481","Gray","NG10.S7","FIB2","9.72"
"1482","Gray","H69.A22","FIB2","9.96"
"1483","Gray","17.2B24","FIB2","9.55"
"1484","Gray","F34.A22","FIB2","9.9"
"1485","Gray","461.2B24","FIB2","9.38"
"1486","Gray","59R5","FIB2","9.77"
"1487","Wilken","P31.A22","FIB2","10.05"
"1488","Wilken","H69.A22","FIB2","10.03"
"1489","Wilken","461.2B24","FIB2","9.56"
"1490","Wilken","17.2B24","FIB2","9.47"
"1491","Wilken","17.461","FIB2","9.5"
"1492","Wilken","59R5","FIB2","9.91"
"1493","Wilken","NG10.S7","FIB2","9.65"
"1494","Wilken","F34.A22","FIB2","10.02"
"1495","Gruver","59R5","FIB2","10.07"
"1496","Gruver","17.2B24","FIB2","9.45"
"1497","Gruver","P31.A22","FIB2","9.9"
"1498","Gruver","461.2B24","FIB2","9.6"
"1499","Gruver","H69.A22","FIB2","9.77"
"1500","Gruver","F34.A22","FIB2","9.96"
"1501","Gruver","NG10.S7","FIB2","9.96"
"1502","Gruver","17.461","FIB2","9.84"
"1503","Gruver","59R5","FIB2","."
"1504","Gruver","59R5","FIB2","."
"1505","Ambriole","F34.A22","FIB2","9.91"
"1506","Ambriole","17.461","FIB2","9.21"
"1507","Ambriole","P31.A22","FIB2","9.86"
"1508","Ambriole","NG10.S7","FIB2","9.5"
"1509","Ambriole","17.2B24","FIB2","9.33"
"1510","Ambriole","59R5","FIB2","9.85"
"1511","Ambriole","461.2B24","FIB2","9.24"
"1512","Ambriole","H69.A22","FIB2","9.83"
