ENV,STATE,CITY,PED,FAR,FC,HYB,YEAR,REP,FS,CC,WRT,Density,CI,CD,PER,YIELD
Ambriole2018,INDIANA,Tri-Lakes,17.461,Ambriole,AA,ORG1,2018,1,Mix,Mixed,Moderate,Low,High,High,Absent,135
Ambriole2018,INDIANA,Tri-Lakes,17.2B24,Ambriole,AA,ORG4,2018,1,Mix,Mixed,Moderate,Low,High,High,Absent,142.7
Ambriole2018,INDIANA,Tri-Lakes,461.2B24,Ambriole,AA,ORG2,2018,1,Mix,Mixed,Moderate,Low,High,High,Absent,96.5
Ambriole2018,INDIANA,Tri-Lakes,59R5,Ambriole,AA,CHECK1,2018,1,Mix,Mixed,Moderate,Low,High,High,Absent,141.2
Ambriole2018,INDIANA,Tri-Lakes,F34.A22,Ambriole,AA,KEV1,2018,1,Mix,Mixed,Moderate,Low,High,High,Absent,167.2
Ambriole2018,INDIANA,Tri-Lakes,H69.A22,Ambriole,AA,KEV2,2018,1,Mix,Mixed,Moderate,Low,High,High,Absent,123.7
Ambriole2018,INDIANA,Tri-Lakes,NG10.S7,Ambriole,AA,ORG5,2018,1,Mix,Mixed,Moderate,Low,High,High,Absent,127.9
Ambriole2018,INDIANA,Tri-Lakes,P31.A22,Ambriole,AA,KEV3,2018,1,Mix,Mixed,Moderate,Low,High,High,Absent,130.8
Ambriole2018,INDIANA,Tri-Lakes,17.461,Ambriole,AA,ORG1,2018,2,Mix,Mixed,Moderate,Low,High,High,Absent,136.5
Ambriole2018,INDIANA,Tri-Lakes,17.2B24,Ambriole,AA,ORG4,2018,2,Mix,Mixed,Moderate,Low,High,High,Absent,142.5
Ambriole2018,INDIANA,Tri-Lakes,461.2B24,Ambriole,AA,ORG2,2018,2,Mix,Mixed,Moderate,Low,High,High,Absent,98.3
Ambriole2018,INDIANA,Tri-Lakes,59R5,Ambriole,AA,CHECK1,2018,2,Mix,Mixed,Moderate,Low,High,High,Absent,142.6
Ambriole2018,INDIANA,Tri-Lakes,F34.A22,Ambriole,AA,KEV1,2018,2,Mix,Mixed,Moderate,Low,High,High,Absent,167
Ambriole2018,INDIANA,Tri-Lakes,H69.A22,Ambriole,AA,KEV2,2018,2,Mix,Mixed,Moderate,Low,High,High,Absent,121.6
Ambriole2018,INDIANA,Tri-Lakes,NG10.S7,Ambriole,AA,ORG5,2018,2,Mix,Mixed,Moderate,Low,High,High,Absent,127.1
Ambriole2018,INDIANA,Tri-Lakes,P31.A22,Ambriole,AA,KEV3,2018,2,Mix,Mixed,Moderate,Low,High,High,Absent,130.3
Buxton2018,ILLINOIS,Sullivan,17.461,Buxton,SB,ORG1,2018,1,Mix,Mixed,Low,Low,High,High,Absent,142.1
Buxton2018,ILLINOIS,Sullivan,17.2B24,Buxton,SB,ORG4,2018,1,Mix,Mixed,Low,Low,High,High,Absent,186
Buxton2018,ILLINOIS,Sullivan,461.2B24,Buxton,SB,ORG2,2018,1,Mix,Mixed,Low,Low,High,High,Absent,185.8
Buxton2018,ILLINOIS,Sullivan,59R5,Buxton,SB,CHECK1,2018,1,Mix,Mixed,Low,Low,High,High,Absent,184.7
Buxton2018,ILLINOIS,Sullivan,F34.A22,Buxton,SB,KEV1,2018,1,Mix,Mixed,Low,Low,High,High,Absent,185.8
Buxton2018,ILLINOIS,Sullivan,H69.A22,Buxton,SB,KEV2,2018,1,Mix,Mixed,Low,Low,High,High,Absent,143.8
Buxton2018,ILLINOIS,Sullivan,NG10.S7,Buxton,SB,ORG5,2018,1,Mix,Mixed,Low,Low,High,High,Absent,179.7
Buxton2018,ILLINOIS,Sullivan,P31.A22,Buxton,SB,KEV3,2018,1,Mix,Mixed,Low,Low,High,High,Absent,168.9
Buxton2018,ILLINOIS,Sullivan,17.461,Buxton,SB,ORG1,2018,2,Mix,Mixed,Low,Low,High,High,Absent,93.8
Buxton2018,ILLINOIS,Sullivan,17.2B24,Buxton,SB,ORG4,2018,2,Mix,Mixed,Low,Medium,High,High,Absent,175.8
Buxton2018,ILLINOIS,Sullivan,461.2B24,Buxton,SB,ORG2,2018,2,Mix,Mixed,Low,Low,High,High,Absent,125.2
Buxton2018,ILLINOIS,Sullivan,59R5,Buxton,SB,CHECK1,2018,2,Mix,Mixed,Low,Low,High,High,Absent,219.9
Buxton2018,ILLINOIS,Sullivan,F34.A22,Buxton,SB,KEV1,2018,2,Mix,Mixed,Low,Low,High,High,Absent,178.2
Buxton2018,ILLINOIS,Sullivan,H69.A22,Buxton,SB,KEV2,2018,2,Mix,Mixed,Low,Low,High,High,Absent,160.9
Buxton2018,ILLINOIS,Sullivan,NG10.S7,Buxton,SB,ORG5,2018,2,Mix,Mixed,Low,Low,High,High,Absent,137.1
Buxton2018,ILLINOIS,Sullivan,P31.A22,Buxton,SB,KEV3,2018,2,Mix,Mixed,Low,Medium,High,High,Absent,206.5
Erisman2018,ILLINOIS,Pana,17.461,Erisman,JE,ORG1,2018,1,Mix,Mixed,High,Low,Low,High,Present,82.7
Erisman2018,ILLINOIS,Pana,17.2B24,Erisman,JE,ORG4,2018,1,Mix,Mixed,High,Low,Low,High,Present,100.7
Erisman2018,ILLINOIS,Pana,461.2B24,Erisman,JE,ORG2,2018,1,Mix,Mixed,High,Low,Low,High,Present,123.1
Erisman2018,ILLINOIS,Pana,59R5,Erisman,JE,CHECK1,2018,1,Mix,Mixed,High,Low,Low,High,Present,196.2
Erisman2018,ILLINOIS,Pana,F34.A22,Erisman,JE,KEV1,2018,1,Mix,Mixed,High,Low,Low,High,Present,140.6
Erisman2018,ILLINOIS,Pana,H69.A22,Erisman,JE,KEV2,2018,1,Mix,Mixed,High,Low,Low,High,Present,111.2
Erisman2018,ILLINOIS,Pana,NG10.S7,Erisman,JE,ORG5,2018,1,Mix,Mixed,High,Low,Low,High,Present,102.5
Erisman2018,ILLINOIS,Pana,P31.A22,Erisman,JE,KEV3,2018,1,Mix,Mixed,High,Low,Low,High,Present,134
Erisman2018,ILLINOIS,Pana,17.461,Erisman,JE,ORG1,2018,2,Mix,Mixed,High,Low,Low,High,Present,126
Erisman2018,ILLINOIS,Pana,17.2B24,Erisman,JE,ORG4,2018,2,Mix,Mixed,High,Low,Low,High,Present,126.4
Erisman2018,ILLINOIS,Pana,461.2B24,Erisman,JE,ORG2,2018,2,Mix,Mixed,High,Low,Low,High,Present,102.6
Erisman2018,ILLINOIS,Pana,59R5,Erisman,JE,CHECK1,2018,2,Mix,Mixed,High,Low,Low,High,Present,155.8
Erisman2018,ILLINOIS,Pana,F34.A22,Erisman,JE,KEV1,2018,2,Mix,Mixed,High,Low,Low,High,Present,106.4
Erisman2018,ILLINOIS,Pana,H69.A22,Erisman,JE,KEV2,2018,2,Mix,Mixed,High,Low,Low,High,Present,110.1
Erisman2018,ILLINOIS,Pana,NG10.S7,Erisman,JE,ORG5,2018,2,Mix,Mixed,High,Low,Low,High,Present,98.7
Erisman2018,ILLINOIS,Pana,P31.A22,Erisman,JE,KEV3,2018,2,Mix,Mixed,High,Low,Low,High,Present,128.3
Glazik2018,ILLINOIS,Paxton,59R5,Glazik,WG,CHECK1,2018,1,Green,Mixed,Moderate,Low,Medium,High,Absent,129.2
Glazik2018,ILLINOIS,Paxton,F34.A22,Glazik,WG,KEV1,2018,1,Green,Mixed,Moderate,Low,Medium,High,Absent,129.4
Glazik2018,ILLINOIS,Paxton,H69.A22,Glazik,WG,KEV2,2018,1,Green,Mixed,Moderate,Low,Medium,High,Absent,98.2
Glazik2018,ILLINOIS,Paxton,P31.A22,Glazik,WG,KEV3,2018,1,Green,Mixed,Moderate,Low,Medium,High,Absent,109.3
Glazik2018,ILLINOIS,Paxton,59R5,Glazik,WG,CHECK1,2018,2,Green,Mixed,Moderate,Low,Medium,High,Absent,120.1
Glazik2018,ILLINOIS,Paxton,F34.A22,Glazik,WG,KEV1,2018,2,Green,Mixed,Moderate,Low,Medium,High,Absent,75.8
Glazik2018,ILLINOIS,Paxton,H69.A22,Glazik,WG,KEV2,2018,2,Green,Mixed,Moderate,Low,Medium,High,Absent,74.9
Glazik2018,ILLINOIS,Paxton,P31.A22,Glazik,WG,KEV3,2018,2,Green,Mixed,Moderate,Low,Medium,High,Absent,96.4
Gray2018,ILLINOIS,Watseka,17.461,Gray,MG,ORG1,2018,1,Green,Mixed,Moderate,Low,High,Low,Absent,100.4
Gray2018,ILLINOIS,Watseka,17.2B24,Gray,MG,ORG4,2018,1,Green,Mixed,Moderate,Low,High,Low,Absent,103
Gray2018,ILLINOIS,Watseka,461.2B24,Gray,MG,ORG2,2018,1,Green,Mixed,Moderate,Low,High,Low,Absent,98.3
Gray2018,ILLINOIS,Watseka,59R5,Gray,MG,CHECK1,2018,1,Green,Mixed,Moderate,Low,High,Low,Absent,109.2
Gray2018,ILLINOIS,Watseka,F34.A22,Gray,MG,KEV1,2018,1,Green,Mixed,Moderate,Low,High,Low,Absent,23.7
Gray2018,ILLINOIS,Watseka,H69.A22,Gray,MG,KEV2,2018,1,Green,Mixed,Moderate,Low,High,Low,Absent,100.3
Gray2018,ILLINOIS,Watseka,NG10.S7,Gray,MG,ORG5,2018,1,Green,Mixed,Moderate,Low,High,Low,Absent,39.1
Gray2018,ILLINOIS,Watseka,P31.A22,Gray,MG,KEV3,2018,1,Green,Mixed,Moderate,Low,High,Low,Absent,91.3
Gray2018,ILLINOIS,Watseka,17.461,Gray,MG,ORG1,2018,2,Green,Mixed,Moderate,Medium,High,Low,Absent,97.4
Gray2018,ILLINOIS,Watseka,17.2B24,Gray,MG,ORG4,2018,2,Green,Mixed,Moderate,Low,High,Low,Absent,108
Gray2018,ILLINOIS,Watseka,461.2B24,Gray,MG,ORG2,2018,2,Green,Mixed,Moderate,Low,High,Low,Absent,85
Gray2018,ILLINOIS,Watseka,59R5,Gray,MG,CHECK1,2018,2,Green,Mixed,Moderate,Medium,High,Low,Absent,73.1
Gray2018,ILLINOIS,Watseka,F34.A22,Gray,MG,KEV1,2018,2,Green,Mixed,Moderate,Low,High,Low,Absent,28.5
Gray2018,ILLINOIS,Watseka,H69.A22,Gray,MG,KEV2,2018,2,Green,Mixed,Moderate,Low,High,Low,Absent,98.7
Gray2018,ILLINOIS,Watseka,NG10.S7,Gray,MG,ORG5,2018,2,Green,Mixed,Moderate,Low,High,Low,Absent,47.8
Gray2018,ILLINOIS,Watseka,P31.A22,Gray,MG,KEV3,2018,2,Green,Mixed,Moderate,Low,High,Low,Absent,110.3
Gruver2018,ILLINOIS,Macomb,17.461,Gruver,JG,ORG1,2018,1,Animal,Grass,Low,Low,High,Low,Absent,103.6
Gruver2018,ILLINOIS,Macomb,17.2B24,Gruver,JG,ORG4,2018,1,Animal,Grass,Low,Low,High,Low,Absent,117.7
Gruver2018,ILLINOIS,Macomb,461.2B24,Gruver,JG,ORG2,2018,1,Animal,Grass,Low,Low,High,Low,Absent,76.7
Gruver2018,ILLINOIS,Macomb,59R5,Gruver,JG,CHECK1,2018,1,Animal,Grass,Low,Low,High,Low,Absent,158.4
Gruver2018,ILLINOIS,Macomb,59R5,Gruver,JG,CHECK1,2018,1,Animal,Grass,Low,Low,High,Low,Absent,158.4
Gruver2018,ILLINOIS,Macomb,59R5,Gruver,JG,CHECK1,2018,1,Animal,Grass,Low,Low,High,Low,Absent,158.4
Gruver2018,ILLINOIS,Macomb,F34.A22,Gruver,JG,KEV1,2018,1,Animal,Grass,Low,Low,High,Low,Absent,132
Gruver2018,ILLINOIS,Macomb,H69.A22,Gruver,JG,KEV2,2018,1,Animal,Grass,Low,Low,High,Low,Absent,132.6
Gruver2018,ILLINOIS,Macomb,NG10.S7,Gruver,JG,ORG5,2018,1,Animal,Grass,Low,Low,High,Low,Absent,125.4
Gruver2018,ILLINOIS,Macomb,P31.A22,Gruver,JG,KEV3,2018,1,Animal,Grass,Low,Low,High,Low,Absent,113.4
Gruver2018,ILLINOIS,Macomb,17.461,Gruver,JG,ORG1,2018,2,Animal,Grass,Low,Low,High,Low,Absent,113.2
Gruver2018,ILLINOIS,Macomb,17.2B24,Gruver,JG,ORG4,2018,2,Animal,Grass,Low,Low,High,Low,Absent,108.5
Gruver2018,ILLINOIS,Macomb,461.2B24,Gruver,JG,ORG2,2018,2,Animal,Grass,Low,Low,High,Low,Absent,109.7
Gruver2018,ILLINOIS,Macomb,59R5,Gruver,JG,CHECK1,2018,2,Animal,Grass,Low,Low,High,Low,Absent,161.5
Gruver2018,ILLINOIS,Macomb,59R5,Gruver,JG,CHECK1,2018,2,Animal,Grass,Low,Low,High,Low,Absent,161.5
Gruver2018,ILLINOIS,Macomb,59R5,Gruver,JG,CHECK1,2018,2,Animal,Grass,Low,Low,High,Low,Absent,161.5
Gruver2018,ILLINOIS,Macomb,F34.A22,Gruver,JG,KEV1,2018,2,Animal,Grass,Low,Low,High,Low,Absent,102.8
Gruver2018,ILLINOIS,Macomb,H69.A22,Gruver,JG,KEV2,2018,2,Animal,Grass,Low,Low,High,Low,Absent,108.8
Gruver2018,ILLINOIS,Macomb,NG10.S7,Gruver,JG,ORG5,2018,2,Animal,Grass,Low,Low,High,Low,Absent,87.5
Gruver2018,ILLINOIS,Macomb,P31.A22,Gruver,JG,KEV3,2018,2,Animal,Grass,Low,Low,High,Low,Absent,107.3
Wilken2018,ILLINOIS,Ashkum,17.461,Wilken,HW,ORG1,2018,1,Mix,Legume,Moderate,Medium,NA,NA,NA,90.5
Wilken2018,ILLINOIS,Ashkum,17.2B24,Wilken,HW,ORG4,2018,1,Mix,Legume,Moderate,Medium,NA,NA,NA,106.4
Wilken2018,ILLINOIS,Ashkum,461.2B24,Wilken,HW,ORG2,2018,1,Mix,Legume,Moderate,Low,NA,NA,NA,42.2
Wilken2018,ILLINOIS,Ashkum,59R5,Wilken,HW,CHECK1,2018,1,Mix,Legume,Moderate,Medium,NA,NA,NA,153.6
Wilken2018,ILLINOIS,Ashkum,F34.A22,Wilken,HW,KEV1,2018,1,Mix,Legume,Moderate,Medium,NA,NA,NA,126.7
Wilken2018,ILLINOIS,Ashkum,H69.A22,Wilken,HW,KEV2,2018,1,Mix,Legume,Moderate,Low,NA,NA,NA,65.4
Wilken2018,ILLINOIS,Ashkum,NG10.S7,Wilken,HW,ORG5,2018,1,Mix,Legume,Moderate,Low,NA,NA,NA,124
Wilken2018,ILLINOIS,Ashkum,P31.A22,Wilken,HW,KEV3,2018,1,Mix,Legume,Moderate,Medium,NA,NA,NA,100.8
Wilken2018,ILLINOIS,Ashkum,17.461,Wilken,HW,ORG1,2018,2,Mix,Legume,Moderate,Medium,NA,NA,NA,87.9
Wilken2018,ILLINOIS,Ashkum,17.2B24,Wilken,HW,ORG4,2018,2,Mix,Legume,Moderate,High,NA,NA,NA,152.8
Wilken2018,ILLINOIS,Ashkum,461.2B24,Wilken,HW,ORG2,2018,2,Mix,Legume,Moderate,Medium,NA,NA,NA,77.2
Wilken2018,ILLINOIS,Ashkum,59R5,Wilken,HW,CHECK1,2018,2,Mix,Legume,Moderate,Medium,NA,NA,NA,87.6
Wilken2018,ILLINOIS,Ashkum,F34.A22,Wilken,HW,KEV1,2018,2,Mix,Legume,Moderate,Medium,NA,NA,NA,129
Wilken2018,ILLINOIS,Ashkum,H69.A22,Wilken,HW,KEV2,2018,2,Mix,Legume,Moderate,Low,NA,NA,NA,75.9
Wilken2018,ILLINOIS,Ashkum,NG10.S7,Wilken,HW,ORG5,2018,2,Mix,Legume,Moderate,Medium,NA,NA,NA,107.7
Wilken2018,ILLINOIS,Ashkum,P31.A22,Wilken,HW,KEV3,2018,2,Mix,Legume,Moderate,Low,NA,NA,NA,99.3
Smith2019,ILLINOIS,Peoria,PHHB9*PHM49,Smith,AS,UIUC1,2019,1,Mix,Legume,Low,Low,High,High,Absent,122.8
Smith2019,ILLINOIS,Peoria,59R5,Smith,AS,CHECK1,2019,1,Mix,Legume,Low,Low,High,High,Absent,128.9
Smith2019,ILLINOIS,Peoria,PHW52*LH185,Smith,AS,UIUC7,2019,1,Mix,Legume,Low,Low,High,High,Absent,93.5
Smith2019,ILLINOIS,Peoria,PHHB9*PHW30,Smith,AS,UIUC3,2019,1,Mix,Legume,Low,Low,High,High,Absent,114.8
Smith2019,ILLINOIS,Peoria,17.461,Smith,AS,ORG1,2019,1,Mix,Legume,Low,Low,High,High,Absent,123.3
Smith2019,ILLINOIS,Peoria,PHHB9*PHR63,Smith,AS,UIUC2,2019,1,Mix,Legume,Low,Medium,High,High,Absent,184.1
Smith2019,ILLINOIS,Peoria,17.2B241,Smith,AS,ORG4,2019,1,Mix,Legume,Low,Low,High,High,Absent,156.8
Smith2019,ILLINOIS,Peoria,PHHB9*PHZ51,Smith,AS,UIUC4,2019,1,Mix,Legume,Low,Low,High,High,Absent,137.8
Ambriole2019,INDIANA,Kimmell,PHHB9*PHM49,Ambriole,AA1,UIUC1,2019,1,Mix,Mixed,Moderate,Low,High,High,Absent,152.8
Ambriole2019,INDIANA,Kimmell,PHW52*LH185,Ambriole,AA1,UIUC7,2019,1,Mix,Mixed,Moderate,Low,High,High,Absent,129.9
Ambriole2019,INDIANA,Kimmell,17.461,Ambriole,AA1,ORG1,2019,1,Mix,Mixed,Moderate,Low,High,High,Absent,157.6
Ambriole2019,INDIANA,Kimmell,PHHB9*PHZ51,Ambriole,AA1,UIUC4,2019,1,Mix,Mixed,Moderate,Low,High,High,Absent,162.2
Ambriole2019,INDIANA,Kimmell,59R5,Ambriole,AA1,CHECK1,2019,1,Mix,Mixed,Moderate,Low,High,High,Absent,146.7
Ambriole2019,INDIANA,Kimmell,17.2B241,Ambriole,AA1,ORG4,2019,1,Mix,Mixed,Moderate,Low,High,High,Absent,121.7
Ambriole2019,INDIANA,Kimmell,PHHB9*PHW30,Ambriole,AA1,UIUC3,2019,1,Mix,Mixed,Moderate,Medium,High,High,Absent,137.6
Ambriole2019,INDIANA,Kimmell,PHHB9*PHR63,Ambriole,AA1,UIUC2,2019,1,Mix,Mixed,Moderate,Low,High,High,Absent,110.4
Longwell2019,INDIANA,Richmond,PHW52*LH185,Longwell,DL,UIUC7,2019,1,Mix,Legume,Low,Low,High,Low,Present,96.3
Longwell2019,INDIANA,Richmond,17.461,Longwell,DL,ORG1,2019,1,Mix,Legume,Low,Low,High,Low,Present,103.7
Longwell2019,INDIANA,Richmond,PHHB9*PHZ51,Longwell,DL,UIUC4,2019,1,Mix,Legume,Low,Low,High,Low,Present,137.7
Longwell2019,INDIANA,Richmond,PHHB9*PHW30,Longwell,DL,UIUC3,2019,1,Mix,Legume,Low,Low,High,Low,Present,148.5
Longwell2019,INDIANA,Richmond,59R5,Longwell,DL,CHECK1,2019,1,Mix,Legume,Low,Low,High,Low,Present,141.9
Longwell2019,INDIANA,Richmond,PHHB9*PHM49,Longwell,DL,UIUC1,2019,1,Mix,Legume,Low,Low,High,Low,Present,138.7
Longwell2019,INDIANA,Richmond,PHHB9*PHR63,Longwell,DL,UIUC2,2019,1,Mix,Legume,Low,Low,High,Low,Present,162
Longwell2019,INDIANA,Richmond,17.2B241,Longwell,DL,ORG4,2019,1,Mix,Legume,Low,Low,High,Low,Present,131.4
Steiner2019,INDIANA,Berne,PHHB9*PHZ51,Steiner,GS,UIUC4,2019,1,Animal,None,Moderate,Low,High,High,Absent,164.2
Steiner2019,INDIANA,Berne,PHHB9*PHW30,Steiner,GS,UIUC3,2019,1,Animal,None,Moderate,Medium,High,High,Absent,136
Steiner2019,INDIANA,Berne,17.461,Steiner,GS,ORG1,2019,1,Animal,None,Moderate,Low,High,High,Absent,137.8
Steiner2019,INDIANA,Berne,17.2B241,Steiner,GS,ORG4,2019,1,Animal,None,Moderate,Low,High,High,Absent,149.5
Steiner2019,INDIANA,Berne,59R5,Steiner,GS,CHECK1,2019,1,Animal,None,Moderate,Low,High,High,Absent,120
Steiner2019,INDIANA,Berne,PHHB9*PHM49,Steiner,GS,UIUC1,2019,1,Animal,None,Moderate,Low,High,High,Absent,155.3
Steiner2019,INDIANA,Berne,PHW52*LH185,Steiner,GS,UIUC7,2019,1,Animal,None,Moderate,Low,High,High,Absent,138
Steiner2019,INDIANA,Berne,PHHB9*PHR63,Steiner,GS,UIUC2,2019,1,Animal,None,Moderate,Medium,High,High,Absent,169.5
Gruver2019,ILLINOIS,Macomb,PHW52*LH185,Gruver,JG1,UIUC7,2019,1,Animal,Mixed,Low,Medium,High,High,Absent,144.9
Gruver2019,ILLINOIS,Macomb,17.461,Gruver,JG1,ORG1,2019,1,Animal,Mixed,Low,Low,High,High,Absent,143.5
Gruver2019,ILLINOIS,Macomb,PHHB9*PHR63,Gruver,JG1,UIUC2,2019,1,Animal,Mixed,Low,Medium,High,High,Absent,154.4
Gruver2019,ILLINOIS,Macomb,17.2B241,Gruver,JG1,ORG4,2019,1,Animal,Mixed,Low,Low,High,High,Absent,142.7
Gruver2019,ILLINOIS,Macomb,PHHB9*PHZ51,Gruver,JG1,UIUC4,2019,1,Animal,Mixed,Low,Medium,High,High,Absent,148.8
Gruver2019,ILLINOIS,Macomb,PHHB9*PHW30,Gruver,JG1,UIUC3,2019,1,Animal,Mixed,Low,Medium,High,High,Absent,162.9
Gruver2019,ILLINOIS,Macomb,59R5,Gruver,JG1,CHECK1,2019,1,Animal,Mixed,Low,Medium,High,High,Absent,202.3
Gruver2019,ILLINOIS,Macomb,PHHB9*PHM49,Gruver,JG1,UIUC1,2019,1,Animal,Mixed,Low,Medium,High,High,Absent,142.8
Doonan2019,ILLINOIS,Reynolds,PHHB9*PHZ51,Doonan,TD,UIUC4,2019,1,Green,Mixed,High,High,High,Low,Absent,155.2
Doonan2019,ILLINOIS,Reynolds,PHHB9*PHR63,Doonan,TD,UIUC2,2019,1,Green,Mixed,High,High,High,Low,Absent,115.4
Doonan2019,ILLINOIS,Reynolds,PHHB9*PHW30,Doonan,TD,UIUC3,2019,1,Green,Mixed,High,High,High,Low,Absent,128.1
Doonan2019,ILLINOIS,Reynolds,PHHB9*PHM49,Doonan,TD,UIUC1,2019,1,Green,Mixed,High,High,High,Low,Absent,92
Doonan2019,ILLINOIS,Reynolds,17.461,Doonan,TD,ORG1,2019,1,Green,Mixed,High,High,High,Low,Absent,104.8
Doonan2019,ILLINOIS,Reynolds,17.2B241,Doonan,TD,ORG4,2019,1,Green,Mixed,High,High,High,Low,Absent,35.2
Doonan2019,ILLINOIS,Reynolds,PHW52*LH185,Doonan,TD,UIUC7,2019,1,Green,Mixed,High,High,High,Low,Absent,56.9
Doonan2019,ILLINOIS,Reynolds,59R5,Doonan,TD,CHECK1,2019,1,Green,Mixed,High,Low,High,Low,Absent,67.9
Smith2019,ILLINOIS,Peoria,PHHB9*PHM49,Smith,AS,UIUC1,2019,2,Mix,Legume,Low,Low,High,High,Absent,109.4
Smith2019,ILLINOIS,Peoria,59R5,Smith,AS,CHECK1,2019,2,Mix,Legume,Low,Low,High,High,Absent,108.5
Smith2019,ILLINOIS,Peoria,PHW52*LH185,Smith,AS,UIUC7,2019,2,Mix,Legume,Low,Low,High,High,Absent,36.6
Smith2019,ILLINOIS,Peoria,PHHB9*PHW30,Smith,AS,UIUC3,2019,2,Mix,Legume,Low,Low,High,High,Absent,115.8
Smith2019,ILLINOIS,Peoria,17.461,Smith,AS,ORG1,2019,2,Mix,Legume,Low,Low,High,High,Absent,135.6
Smith2019,ILLINOIS,Peoria,PHHB9*PHR63,Smith,AS,UIUC2,2019,2,Mix,Legume,Low,Low,High,High,Absent,161.5
Smith2019,ILLINOIS,Peoria,17.2B241,Smith,AS,ORG4,2019,2,Mix,Legume,Low,Low,High,High,Absent,144.6
Smith2019,ILLINOIS,Peoria,PHHB9*PHZ51,Smith,AS,UIUC4,2019,2,Mix,Legume,Low,Low,High,High,Absent,106.7
Ambriole2019,INDIANA,Kimmell,PHHB9*PHM49,Ambriole,AA1,UIUC1,2019,2,Mix,Mixed,Moderate,Low,High,High,Absent,137
Ambriole2019,INDIANA,Kimmell,PHW52*LH185,Ambriole,AA1,UIUC7,2019,2,Mix,Mixed,Moderate,Low,High,High,Absent,153.4
Ambriole2019,INDIANA,Kimmell,17.461,Ambriole,AA1,ORG1,2019,2,Mix,Mixed,Moderate,Low,High,High,Absent,148.9
Ambriole2019,INDIANA,Kimmell,PHHB9*PHZ51,Ambriole,AA1,UIUC4,2019,2,Mix,Mixed,Moderate,Low,High,High,Absent,143.5
Ambriole2019,INDIANA,Kimmell,59R5,Ambriole,AA1,CHECK1,2019,2,Mix,Mixed,Moderate,Low,High,High,Absent,140.7
Ambriole2019,INDIANA,Kimmell,17.2B241,Ambriole,AA1,ORG4,2019,2,Mix,Mixed,Moderate,Low,High,High,Absent,102.8
Ambriole2019,INDIANA,Kimmell,PHHB9*PHW30,Ambriole,AA1,UIUC3,2019,2,Mix,Mixed,Moderate,Low,High,High,Absent,148.2
Ambriole2019,INDIANA,Kimmell,PHHB9*PHR63,Ambriole,AA1,UIUC2,2019,2,Mix,Mixed,Moderate,Low,High,High,Absent,124.9
Longwell2019,INDIANA,Richmond,PHW52*LH185,Longwell,DL,UIUC7,2019,2,Mix,Legume,Low,Low,High,Low,Present,123
Longwell2019,INDIANA,Richmond,17.461,Longwell,DL,ORG1,2019,2,Mix,Legume,Low,Low,High,Low,Present,85.2
Longwell2019,INDIANA,Richmond,PHHB9*PHZ51,Longwell,DL,UIUC4,2019,2,Mix,Legume,Low,Low,High,Low,Present,164.5
Longwell2019,INDIANA,Richmond,PHHB9*PHW30,Longwell,DL,UIUC3,2019,2,Mix,Legume,Low,Low,High,Low,Present,153.4
Longwell2019,INDIANA,Richmond,59R5,Longwell,DL,CHECK1,2019,2,Mix,Legume,Low,Low,High,Low,Present,151.2
Longwell2019,INDIANA,Richmond,PHHB9*PHM49,Longwell,DL,UIUC1,2019,2,Mix,Legume,Low,Low,High,Low,Present,140.3
Longwell2019,INDIANA,Richmond,PHHB9*PHR63,Longwell,DL,UIUC2,2019,2,Mix,Legume,Low,Low,High,Low,Present,140.5
Longwell2019,INDIANA,Richmond,17.2B241,Longwell,DL,ORG4,2019,2,Mix,Legume,Low,Low,High,Low,Present,157.7
Steiner2019,INDIANA,Berne,PHHB9*PHZ51,Steiner,GS,UIUC4,2019,2,Animal,None,Moderate,Low,High,High,Absent,160.6
Steiner2019,INDIANA,Berne,PHHB9*PHW30,Steiner,GS,UIUC3,2019,2,Animal,None,Moderate,Low,High,High,Absent,174.8
Steiner2019,INDIANA,Berne,17.461,Steiner,GS,ORG1,2019,2,Animal,None,Moderate,Low,High,High,Absent,135.6
Steiner2019,INDIANA,Berne,17.2B241,Steiner,GS,ORG4,2019,2,Animal,None,Moderate,Low,High,High,Absent,141.9
Steiner2019,INDIANA,Berne,59R5,Steiner,GS,CHECK1,2019,2,Animal,None,Moderate,Low,High,High,Absent,137.2
Steiner2019,INDIANA,Berne,PHHB9*PHM49,Steiner,GS,UIUC1,2019,2,Animal,None,Moderate,Medium,High,High,Absent,149.9
Steiner2019,INDIANA,Berne,PHW52*LH185,Steiner,GS,UIUC7,2019,2,Animal,None,Moderate,Low,High,High,Absent,172.1
Steiner2019,INDIANA,Berne,PHHB9*PHR63,Steiner,GS,UIUC2,2019,2,Animal,None,Moderate,Low,High,High,Absent,150.8
Gruver2019,ILLINOIS,Macomb,PHW52*LH185,Gruver,JG1,UIUC7,2019,2,Animal,Mixed,Low,Medium,High,High,Absent,162.8
Gruver2019,ILLINOIS,Macomb,17.461,Gruver,JG1,ORG1,2019,2,Animal,Mixed,Low,Low,High,High,Absent,122.1
Gruver2019,ILLINOIS,Macomb,PHHB9*PHR63,Gruver,JG1,UIUC2,2019,2,Animal,Mixed,Low,Medium,High,High,Absent,158.7
Gruver2019,ILLINOIS,Macomb,17.2B241,Gruver,JG1,ORG4,2019,2,Animal,Mixed,Low,Low,High,High,Absent,169.5
Gruver2019,ILLINOIS,Macomb,PHHB9*PHZ51,Gruver,JG1,UIUC4,2019,2,Animal,Mixed,Low,Low,High,High,Absent,137.6
Gruver2019,ILLINOIS,Macomb,PHHB9*PHW30,Gruver,JG1,UIUC3,2019,2,Animal,Mixed,Low,Medium,High,High,Absent,182.4
Gruver2019,ILLINOIS,Macomb,59R5,Gruver,JG1,CHECK1,2019,2,Animal,Mixed,Low,Medium,High,High,Absent,184.7
Gruver2019,ILLINOIS,Macomb,PHHB9*PHM49,Gruver,JG1,UIUC1,2019,2,Animal,Mixed,Low,Medium,High,High,Absent,148.6
Doonan2019,ILLINOIS,Reynolds,PHHB9*PHZ51,Doonan,TD,UIUC4,2019,2,Green,Mixed,High,High,High,Low,Absent,113.8
Doonan2019,ILLINOIS,Reynolds,PHHB9*PHR63,Doonan,TD,UIUC2,2019,2,Green,Mixed,High,High,High,Low,Absent,147.4
Doonan2019,ILLINOIS,Reynolds,PHHB9*PHW30,Doonan,TD,UIUC3,2019,2,Green,Mixed,High,High,High,Low,Absent,150.8
Doonan2019,ILLINOIS,Reynolds,PHHB9*PHM49,Doonan,TD,UIUC1,2019,2,Green,Mixed,High,High,High,Low,Absent,111.9
Doonan2019,ILLINOIS,Reynolds,17.461,Doonan,TD,ORG1,2019,2,Green,Mixed,High,High,High,Low,Absent,94.7
Doonan2019,ILLINOIS,Reynolds,17.2B241,Doonan,TD,ORG4,2019,2,Green,Mixed,High,High,High,Low,Absent,33.5
Doonan2019,ILLINOIS,Reynolds,PHW52*LH185,Doonan,TD,UIUC7,2019,2,Green,Mixed,High,High,High,Low,Absent,53.4
Doonan2019,ILLINOIS,Reynolds,59R5,Doonan,TD,CHECK1,2019,2,Green,Mixed,High,High,High,Low,Absent,61.4
Smith2020,ILLINOIS,Peoria,PHHB9*PHR63,Smith,AS1,UIUC2,2020,1,Mix,Legume,Low,Low,High,High,Absent,195.7
Smith2020,ILLINOIS,Peoria,PHHB9*PHZ51,Smith,AS1,UIUC4,2020,1,Mix,Legume,Low,Low,High,High,Absent,176.5
Smith2020,ILLINOIS,Peoria,PHHB9*PHW30,Smith,AS1,UIUC3,2020,1,Mix,Legume,Low,Low,High,High,Absent,182.3
Smith2020,ILLINOIS,Peoria,PHHB9*PHM49,Smith,AS1,UIUC1,2020,1,Mix,Legume,Low,Low,High,High,Absent,161.4
Smith2020,ILLINOIS,Peoria,PHW52*LH185,Smith,AS1,UIUC7,2020,1,Mix,Legume,Low,Low,High,High,Absent,131.7
Smith2020,ILLINOIS,Peoria,17.2B24,Smith,AS1,ORG4,2020,1,Mix,Legume,Low,Low,High,High,Absent,125.6
Smith2020,ILLINOIS,Peoria,17.461,Smith,AS1,ORG1,2020,1,Mix,Legume,Low,Low,High,High,Absent,178.7
Smith2020,ILLINOIS,Peoria,59R5,Smith,AS1,CHECK1,2020,1,Mix,Legume,Low,Low,High,High,Absent,207.4
Ambriole2020,INDIANA,Roanoke,PHHB9*PHR63,Ambriole,AA2,UIUC2,2020,1,Mix,Mixed,Moderate,Low,High,High,Absent,58.2
Ambriole2020,INDIANA,Roanoke,59R5,Ambriole,AA2,CHECK1,2020,1,Mix,Mixed,Moderate,Low,High,High,Absent,78.6
Ambriole2020,INDIANA,Roanoke,17.461,Ambriole,AA2,ORG1,2020,1,Mix,Mixed,Moderate,Low,High,High,Absent,53.6
Ambriole2020,INDIANA,Roanoke,17.2B24,Ambriole,AA2,ORG4,2020,1,Mix,Mixed,Moderate,Low,High,High,Absent,94
Ambriole2020,INDIANA,Roanoke,PHHB9*PHZ51,Ambriole,AA2,UIUC4,2020,1,Mix,Mixed,Moderate,Low,High,High,Absent,178.7
Ambriole2020,INDIANA,Roanoke,PHW52*LH185,Ambriole,AA2,UIUC7,2020,1,Mix,Mixed,Moderate,Low,High,High,Absent,124.2
Ambriole2020,INDIANA,Roanoke,PHHB9*PHM49,Ambriole,AA2,UIUC1,2020,1,Mix,Mixed,Moderate,Low,High,High,Absent,172.3
Ambriole2020,INDIANA,Roanoke,PHHB9*PHW30,Ambriole,AA2,UIUC3,2020,1,Mix,Mixed,Moderate,Low,High,High,Absent,183
Longwell2020,INDIANA,NewLisbon,PHW52*LH185,Longwell,DL1,UIUC7,2020,1,Mix,Legume,Low,Low,Medium,High,Present,99.9
Longwell2020,INDIANA,NewLisbon,17.461,Longwell,DL1,ORG1,2020,1,Mix,Legume,Low,Low,Medium,High,Present,113.7
Longwell2020,INDIANA,NewLisbon,PHHB9*PHW30,Longwell,DL1,UIUC3,2020,1,Mix,Legume,Low,Low,Medium,High,Present,144.2
Longwell2020,INDIANA,NewLisbon,PHHB9*PHM49,Longwell,DL1,UIUC1,2020,1,Mix,Legume,Low,Low,Medium,High,Present,132.9
Longwell2020,INDIANA,NewLisbon,PHHB9*PHZ51,Longwell,DL1,UIUC4,2020,1,Mix,Legume,Low,Low,Medium,High,Present,148.3
Longwell2020,INDIANA,NewLisbon,PHHB9*PHR63,Longwell,DL1,UIUC2,2020,1,Mix,Legume,Low,Low,Medium,High,Present,176.6
Longwell2020,INDIANA,NewLisbon,59R5,Longwell,DL1,CHECK1,2020,1,Mix,Legume,Low,Low,Medium,High,Present,170.1
Longwell2020,INDIANA,NewLisbon,17.2B24,Longwell,DL1,ORG4,2020,1,Mix,Legume,Low,Low,Medium,High,Present,157.2
Bryan2020,INDIANA,Decatur,17.2B24,Bryan,EB1,ORG4,2020,1,Mix,Grass,High,Low,Medium,High,Present,147.9
Bryan2020,INDIANA,Decatur,PHHB9*PHR63,Bryan,EB1,UIUC2,2020,1,Mix,Grass,High,Low,Medium,High,Present,140.1
Bryan2020,INDIANA,Decatur,PHHB9*PHM49,Bryan,EB1,UIUC1,2020,1,Mix,Grass,High,Low,Medium,High,Present,175.8
Bryan2020,INDIANA,Decatur,PHHB9*PHW30,Bryan,EB1,UIUC3,2020,1,Mix,Grass,High,Low,Medium,High,Present,178.2
Bryan2020,INDIANA,Decatur,PHHB9*PHZ51,Bryan,EB1,UIUC4,2020,1,Mix,Grass,High,Low,Medium,High,Present,153.7
Bryan2020,INDIANA,Decatur,59R5,Bryan,EB1,CHECK1,2020,1,Mix,Grass,High,Low,Medium,High,Present,205.6
Bryan2020,INDIANA,Decatur,PHW52*LH185,Bryan,EB1,UIUC7,2020,1,Mix,Grass,High,Low,Medium,High,Present,158.8
Bryan2020,INDIANA,Decatur,17.461,Bryan,EB1,ORG1,2020,1,Mix,Grass,High,Low,Medium,High,Present,157.1
Wilken2020,ILLINOIS,Wellington,17.2B24,Wilken,HW1,ORG4,2020,1,Mix,Legume,Moderate,Medium,High,Low,Absent,119.1
Wilken2020,ILLINOIS,Wellington,PHW52*LH185,Wilken,HW1,UIUC7,2020,1,Mix,Legume,Moderate,Medium,High,Low,Absent,104
Wilken2020,ILLINOIS,Wellington,PHHB9*PHM49,Wilken,HW1,UIUC1,2020,1,Mix,Legume,Moderate,Medium,High,Low,Absent,144
Wilken2020,ILLINOIS,Wellington,59R5,Wilken,HW1,CHECK1,2020,1,Mix,Legume,Moderate,Medium,High,Low,Absent,186.4
Wilken2020,ILLINOIS,Wellington,PHHB9*PHR63,Wilken,HW1,UIUC2,2020,1,Mix,Legume,Moderate,Medium,High,Low,Absent,157.6
Wilken2020,ILLINOIS,Wellington,PHHB9*PHW30,Wilken,HW1,UIUC3,2020,1,Mix,Legume,Moderate,Medium,High,Low,Absent,141
Wilken2020,ILLINOIS,Wellington,17.461,Wilken,HW1,ORG1,2020,1,Mix,Legume,Moderate,Medium,High,Low,Absent,127.1
Wilken2020,ILLINOIS,Wellington,PHHB9*PHZ51,Wilken,HW1,UIUC4,2020,1,Mix,Legume,Moderate,Medium,High,Low,Absent,155.5
Gruver2020,ILLINOIS,Macomb,PHHB9*PHZ51,Gruver,JG2,UIUC4,2020,1,Mix,Mixed,Low,Low,High,High,Absent,162.5
Gruver2020,ILLINOIS,Macomb,17.2B24,Gruver,JG2,ORG4,2020,1,Mix,Mixed,Low,Low,High,High,Absent,137.2
Gruver2020,ILLINOIS,Macomb,PHHB9*PHR63,Gruver,JG2,UIUC2,2020,1,Mix,Mixed,Low,Low,High,High,Absent,170.4
Gruver2020,ILLINOIS,Macomb,17.461,Gruver,JG2,ORG1,2020,1,Mix,Mixed,Low,Low,High,High,Absent,128.8
Gruver2020,ILLINOIS,Macomb,59R5,Gruver,JG2,CHECK1,2020,1,Mix,Mixed,Low,Low,High,High,Absent,156.5
Gruver2020,ILLINOIS,Macomb,PHW52*LH185,Gruver,JG2,UIUC7,2020,1,Mix,Mixed,Low,Low,High,High,Absent,120.5
Gruver2020,ILLINOIS,Macomb,PHHB9*PHM49,Gruver,JG2,UIUC1,2020,1,Mix,Mixed,Low,Low,High,High,Absent,174.9
Gruver2020,ILLINOIS,Macomb,PHHB9*PHW30,Gruver,JG2,UIUC3,2020,1,Mix,Mixed,Low,Low,High,High,Absent,170.4
Doonan2020,ILLINOIS,Reynolds,PHHB9*PHW30,Doonan,TD1,UIUC3,2020,1,Green,Legume,Moderate,High,Low,Low,Absent,189.4
Doonan2020,ILLINOIS,Reynolds,PHHB9*PHM49,Doonan,TD1,UIUC1,2020,1,Green,Legume,Moderate,High,Low,Low,Absent,177
Doonan2020,ILLINOIS,Reynolds,17.461,Doonan,TD1,ORG1,2020,1,Green,Legume,Moderate,High,Low,Low,Absent,81.7
Doonan2020,ILLINOIS,Reynolds,17.2B24,Doonan,TD1,ORG4,2020,1,Green,Legume,Moderate,High,Low,Low,Absent,89.4
Doonan2020,ILLINOIS,Reynolds,PHHB9*PHR63,Doonan,TD1,UIUC2,2020,1,Green,Legume,Moderate,High,Low,Low,Absent,146.7
Doonan2020,ILLINOIS,Reynolds,59R5,Doonan,TD1,CHECK1,2020,1,Green,Legume,Moderate,High,Low,Low,Absent,155.8
Doonan2020,ILLINOIS,Reynolds,PHW52*LH185,Doonan,TD1,UIUC7,2020,1,Green,Legume,Moderate,High,Low,Low,Absent,96.2
Doonan2020,ILLINOIS,Reynolds,PHHB9*PHZ51,Doonan,TD1,UIUC4,2020,1,Green,Legume,Moderate,High,Low,Low,Absent,169
Smith2020,ILLINOIS,Peoria,PHHB9*PHR63,Smith,AS1,UIUC2,2020,2,Mix,Legume,Low,Low,High,High,Absent,177.9
Smith2020,ILLINOIS,Peoria,PHHB9*PHZ51,Smith,AS1,UIUC4,2020,2,Mix,Legume,Low,Low,High,High,Absent,176
Smith2020,ILLINOIS,Peoria,PHHB9*PHW30,Smith,AS1,UIUC3,2020,2,Mix,Legume,Low,Low,High,High,Absent,196.2
Smith2020,ILLINOIS,Peoria,PHHB9*PHM49,Smith,AS1,UIUC1,2020,2,Mix,Legume,Low,Low,High,High,Absent,134
Smith2020,ILLINOIS,Peoria,PHW52*LH185,Smith,AS1,UIUC7,2020,2,Mix,Legume,Low,Low,High,High,Absent,164.7
Smith2020,ILLINOIS,Peoria,17.2B24,Smith,AS1,ORG4,2020,2,Mix,Legume,Low,Low,High,High,Absent,144
Smith2020,ILLINOIS,Peoria,17.461,Smith,AS1,ORG1,2020,2,Mix,Legume,Low,Low,High,High,Absent,175.1
Smith2020,ILLINOIS,Peoria,59R5,Smith,AS1,CHECK1,2020,2,Mix,Legume,Low,Low,High,High,Absent,199.4
Ambriole2020,INDIANA,Roanoke,PHHB9*PHR63,Ambriole,AA2,UIUC2,2020,2,Mix,Mixed,Moderate,Low,High,High,Absent,70.1
Ambriole2020,INDIANA,Roanoke,59R5,Ambriole,AA2,CHECK1,2020,2,Mix,Mixed,Moderate,Low,High,High,Absent,65.7
Ambriole2020,INDIANA,Roanoke,17.461,Ambriole,AA2,ORG1,2020,2,Mix,Mixed,Moderate,Low,High,High,Absent,69.7
Ambriole2020,INDIANA,Roanoke,17.2B24,Ambriole,AA2,ORG4,2020,2,Mix,Mixed,Moderate,Low,High,High,Absent,109.4
Ambriole2020,INDIANA,Roanoke,PHHB9*PHZ51,Ambriole,AA2,UIUC4,2020,2,Mix,Mixed,Moderate,Low,High,High,Absent,179.5
Ambriole2020,INDIANA,Roanoke,PHW52*LH185,Ambriole,AA2,UIUC7,2020,2,Mix,Mixed,Moderate,Low,High,High,Absent,156.1
Ambriole2020,INDIANA,Roanoke,PHHB9*PHM49,Ambriole,AA2,UIUC1,2020,2,Mix,Mixed,Moderate,Low,High,High,Absent,146.3
Ambriole2020,INDIANA,Roanoke,PHHB9*PHW30,Ambriole,AA2,UIUC3,2020,2,Mix,Mixed,Moderate,Low,High,High,Absent,173.7
Longwell2020,INDIANA,NewLisbon,PHW52*LH185,Longwell,DL1,UIUC7,2020,2,Mix,Legume,Low,Low,Medium,High,Present,107.8
Longwell2020,INDIANA,NewLisbon,17.461,Longwell,DL1,ORG1,2020,2,Mix,Legume,Low,Low,Medium,High,Present,89.4
Longwell2020,INDIANA,NewLisbon,PHHB9*PHW30,Longwell,DL1,UIUC3,2020,2,Mix,Legume,Low,Low,Medium,High,Present,131.9
Longwell2020,INDIANA,NewLisbon,PHHB9*PHM49,Longwell,DL1,UIUC1,2020,2,Mix,Legume,Low,Low,Medium,High,Present,160.7
Longwell2020,INDIANA,NewLisbon,PHHB9*PHZ51,Longwell,DL1,UIUC4,2020,2,Mix,Legume,Low,Low,Medium,High,Present,152.1
Longwell2020,INDIANA,NewLisbon,PHHB9*PHR63,Longwell,DL1,UIUC2,2020,2,Mix,Legume,Low,Low,Medium,High,Present,186.2
Longwell2020,INDIANA,NewLisbon,59R5,Longwell,DL1,CHECK1,2020,2,Mix,Legume,Low,Low,Medium,High,Present,151.5
Longwell2020,INDIANA,NewLisbon,17.2B24,Longwell,DL1,ORG4,2020,2,Mix,Legume,Low,Low,Medium,High,Present,184.8
Bryan2020,INDIANA,Decatur,17.2B24,Bryan,EB1,ORG4,2020,2,Mix,Grass,High,Low,Medium,High,Present,165.7
Bryan2020,INDIANA,Decatur,PHHB9*PHR63,Bryan,EB1,UIUC2,2020,2,Mix,Grass,High,Low,Medium,High,Present,202.4
Bryan2020,INDIANA,Decatur,PHHB9*PHM49,Bryan,EB1,UIUC1,2020,2,Mix,Grass,High,Low,Medium,High,Present,168.4
Bryan2020,INDIANA,Decatur,PHHB9*PHW30,Bryan,EB1,UIUC3,2020,2,Mix,Grass,High,Low,Medium,High,Present,178.4
Bryan2020,INDIANA,Decatur,PHHB9*PHZ51,Bryan,EB1,UIUC4,2020,2,Mix,Grass,High,Low,Medium,High,Present,163.2
Bryan2020,INDIANA,Decatur,59R5,Bryan,EB1,CHECK1,2020,2,Mix,Grass,High,Low,Medium,High,Present,195
Bryan2020,INDIANA,Decatur,PHW52*LH185,Bryan,EB1,UIUC7,2020,2,Mix,Grass,High,Low,Medium,High,Present,180.6
Bryan2020,INDIANA,Decatur,17.461,Bryan,EB1,ORG1,2020,2,Mix,Grass,High,Low,Medium,High,Present,148.9
Wilken2020,ILLINOIS,Wellington,17.2B24,Wilken,HW1,ORG4,2020,2,Mix,Legume,Moderate,Medium,High,Low,Absent,104.3
Wilken2020,ILLINOIS,Wellington,PHW52*LH185,Wilken,HW1,UIUC7,2020,2,Mix,Legume,Moderate,Medium,High,Low,Absent,151.9
Wilken2020,ILLINOIS,Wellington,PHHB9*PHM49,Wilken,HW1,UIUC1,2020,2,Mix,Legume,Moderate,Medium,High,Low,Absent,170.6
Wilken2020,ILLINOIS,Wellington,59R5,Wilken,HW1,CHECK1,2020,2,Mix,Legume,Moderate,Medium,High,Low,Absent,195.1
Wilken2020,ILLINOIS,Wellington,PHHB9*PHR63,Wilken,HW1,UIUC2,2020,2,Mix,Legume,Moderate,Medium,High,Low,Absent,166
Wilken2020,ILLINOIS,Wellington,PHHB9*PHW30,Wilken,HW1,UIUC3,2020,2,Mix,Legume,Moderate,Medium,High,Low,Absent,112.7
Wilken2020,ILLINOIS,Wellington,17.461,Wilken,HW1,ORG1,2020,2,Mix,Legume,Moderate,Medium,High,Low,Absent,117.3
Wilken2020,ILLINOIS,Wellington,PHHB9*PHZ51,Wilken,HW1,UIUC4,2020,2,Mix,Legume,Moderate,Medium,High,Low,Absent,151.5
Gruver2020,ILLINOIS,Macomb,PHHB9*PHZ51,Gruver,JG2,UIUC4,2020,2,Mix,Mixed,Low,Low,High,High,Absent,137.7
Gruver2020,ILLINOIS,Macomb,17.2B24,Gruver,JG2,ORG4,2020,2,Mix,Mixed,Low,Low,High,High,Absent,124.6
Gruver2020,ILLINOIS,Macomb,PHHB9*PHR63,Gruver,JG2,UIUC2,2020,2,Mix,Mixed,Low,Low,High,High,Absent,177.8
Gruver2020,ILLINOIS,Macomb,17.461,Gruver,JG2,ORG1,2020,2,Mix,Mixed,Low,Low,High,High,Absent,143.4
Gruver2020,ILLINOIS,Macomb,59R5,Gruver,JG2,CHECK1,2020,2,Mix,Mixed,Low,Low,High,High,Absent,184.4
Gruver2020,ILLINOIS,Macomb,PHW52*LH185,Gruver,JG2,UIUC7,2020,2,Mix,Mixed,Low,Low,High,High,Absent,134.5
Gruver2020,ILLINOIS,Macomb,PHHB9*PHM49,Gruver,JG2,UIUC1,2020,2,Mix,Mixed,Low,Low,High,High,Absent,133.7
Gruver2020,ILLINOIS,Macomb,PHHB9*PHW30,Gruver,JG2,UIUC3,2020,2,Mix,Mixed,Low,Low,High,High,Absent,157.9
Doonan2020,ILLINOIS,Reynolds,PHHB9*PHW30,Doonan,TD1,UIUC3,2020,2,Green,Legume,Moderate,High,Low,Low,Absent,172.3
Doonan2020,ILLINOIS,Reynolds,PHHB9*PHM49,Doonan,TD1,UIUC1,2020,2,Green,Legume,Moderate,High,Low,Low,Absent,153.3
Doonan2020,ILLINOIS,Reynolds,17.461,Doonan,TD1,ORG1,2020,2,Green,Legume,Moderate,High,Low,Low,Absent,68.7
Doonan2020,ILLINOIS,Reynolds,17.2B24,Doonan,TD1,ORG4,2020,2,Green,Legume,Moderate,High,Low,Low,Absent,87.6
Doonan2020,ILLINOIS,Reynolds,PHHB9*PHR63,Doonan,TD1,UIUC2,2020,2,Green,Legume,Moderate,High,Low,Low,Absent,148.6
Doonan2020,ILLINOIS,Reynolds,59R5,Doonan,TD1,CHECK1,2020,2,Green,Legume,Moderate,High,Low,Low,Absent,149.6
Doonan2020,ILLINOIS,Reynolds,PHW52*LH185,Doonan,TD1,UIUC7,2020,2,Green,Legume,Moderate,High,Low,Low,Absent,133.9
Doonan2020,ILLINOIS,Reynolds,PHHB9*PHZ51,Doonan,TD1,UIUC4,2020,2,Green,Legume,Moderate,High,Low,Low,Absent,164.3
Adsit2018,WISCONSIN,EastTroy,9.2)15 x NG10-2-3-2,Adsit,GA,ORG8,2018,1,Mix,Legume,NA,Medium,Low,Low,Present,89.1
Adsit2018,WISCONSIN,EastTroy,17.461,Adsit,GA,ORG1,2018,1,Mix,Legume,NA,Low,Low,Low,Present,95.5
Adsit2018,WISCONSIN,EastTroy,461.2B24,Adsit,GA,ORG2,2018,1,Mix,Legume,NA,Low,Low,Low,Present,89
Adsit2018,WISCONSIN,EastTroy,461.2B24_Inoc,Adsit,GA,ORG2_Inoc,2018,1,Mix,Legume,NA,Low,Low,Low,Present,92.9
Adsit2018,WISCONSIN,EastTroy,FOS8507,Adsit,GA,CHECK2,2018,1,Mix,Legume,NA,Low,Low,Low,Present,143.5
Adsit2018,WISCONSIN,EastTroy,M9 x NG10-2-3-2,Adsit,GA,ORG18,2018,1,Mix,Legume,NA,Medium,Low,Low,Present,114.7
Adsit2018,WISCONSIN,EastTroy,NG10 x MBS5507,Adsit,GA,ORG19,2018,1,Mix,Legume,NA,Low,Low,Low,Present,95.4
Adsit2018,WISCONSIN,EastTroy,17.2B24,Adsit,GA,ORG4,2018,1,Mix,Legume,NA,Low,Low,Low,Present,127.3
Beiler2018,WISCONSIN,Rewey,NG10 x MBS5507,Beiler,MB,ORG19,2018,1,Mix,Legume,NA,Low,Medium,Low,Present,81.9
Beiler2018,WISCONSIN,Rewey,17.461,Beiler,MB,ORG1,2018,1,Mix,Legume,NA,Low,Medium,Low,Present,126.6
Beiler2018,WISCONSIN,Rewey,17.2B24,Beiler,MB,ORG4,2018,1,Mix,Legume,NA,Low,Medium,Low,Present,116.6
Beiler2018,WISCONSIN,Rewey,FOS8507,Beiler,MB,CHECK2,2018,1,Mix,Legume,NA,Low,Medium,Low,Present,151.5
Beiler2018,WISCONSIN,Rewey,461.2B24,Beiler,MB,ORG2,2018,1,Mix,Legume,NA,Low,Medium,Low,Present,93.4
Beiler2018,WISCONSIN,Rewey,461.2B24_Inoc,Beiler,MB,ORG2_Inoc,2018,1,Mix,Legume,NA,Low,Medium,Low,Present,88.3
Beiler2018,WISCONSIN,Rewey,M9 x NG10-2-3-2,Beiler,MB,ORG18,2018,1,Mix,Legume,NA,Low,Medium,Low,Present,52.2
Beiler2018,WISCONSIN,Rewey,9.2)15 x NG10-2-3-2,Beiler,MB,ORG8,2018,1,Mix,Legume,NA,Low,Medium,Low,Present,55.4
Dahnert2018,WISCONSIN,FortAtkinson,9.2)15 x NG10-2-3-2,Dahnert,DA,ORG8,2018,1,Green,Mixed,NA,Low,Medium,Low,Absent,38.9
Dahnert2018,WISCONSIN,FortAtkinson,17.2B24,Dahnert,DA,ORG4,2018,1,Green,Mixed,NA,Low,Medium,Low,Absent,85.1
Dahnert2018,WISCONSIN,FortAtkinson,17.461,Dahnert,DA,ORG1,2018,1,Green,Mixed,NA,Low,Medium,Low,Absent,81.3
Dahnert2018,WISCONSIN,FortAtkinson,NG10 x MBS5507,Dahnert,DA,ORG19,2018,1,Green,Mixed,NA,Low,Medium,Low,Absent,75.4
Dahnert2018,WISCONSIN,FortAtkinson,FOS8507,Dahnert,DA,CHECK2,2018,1,Green,Mixed,NA,Low,Medium,Low,Absent,82.4
Dahnert2018,WISCONSIN,FortAtkinson,M9 x NG10-2-3-2,Dahnert,DA,ORG18,2018,1,Green,Mixed,NA,Low,Medium,Low,Absent,55
Dahnert2018,WISCONSIN,FortAtkinson,461.2B24_Inoc,Dahnert,DA,ORG2_Inoc,2018,1,Green,Mixed,NA,Low,Medium,Low,Absent,71.8
Dahnert2018,WISCONSIN,FortAtkinson,461.2B24,Dahnert,DA,ORG2,2018,1,Green,Mixed,NA,Low,Medium,Low,Absent,84.3
Stoltzfus2018,WISCONSIN,Fayette,461.2B24,Stoltzfus,MS,ORG2,2018,1,Mix,Mixed,NA,Low,Medium,High,Present,157.4
Stoltzfus2018,WISCONSIN,Fayette,461.2B24_Inoc,Stoltzfus,MS,ORG2_Inoc,2018,1,Mix,Mixed,NA,Low,Medium,High,Present,125.3
Stoltzfus2018,WISCONSIN,Fayette,FOS8507,Stoltzfus,MS,CHECK2,2018,1,Mix,Mixed,NA,Low,Medium,High,Present,207.2
Stoltzfus2018,WISCONSIN,Fayette,M9 x NG10-2-3-2,Stoltzfus,MS,ORG18,2018,1,Mix,Mixed,NA,Low,Medium,High,Present,149.6
Stoltzfus2018,WISCONSIN,Fayette,NG10 x MBS5507,Stoltzfus,MS,ORG19,2018,1,Mix,Mixed,NA,Low,Medium,High,Present,158.4
Stoltzfus2018,WISCONSIN,Fayette,9.2)15 x NG10-2-3-2,Stoltzfus,MS,ORG8,2018,1,Mix,Mixed,NA,Low,Medium,High,Present,83.1
Stoltzfus2018,WISCONSIN,Fayette,17.2B24,Stoltzfus,MS,ORG4,2018,1,Mix,Mixed,NA,Low,Medium,High,Present,177
Stoltzfus2018,WISCONSIN,Fayette,17.461,Stoltzfus,MS,ORG1,2018,1,Mix,Mixed,NA,Low,Medium,High,Present,174.7
Zinniker2018,WISCONSIN,Lafayette,461.2B24,Zinniker,MZ,ORG2,2018,1,Mix,Mixed,NA,Low,Low,Low,Present,125.1
Zinniker2018,WISCONSIN,Lafayette,17.2B24,Zinniker,MZ,ORG4,2018,1,Mix,Mixed,NA,High,Low,Low,Present,189.2
Zinniker2018,WISCONSIN,Lafayette,M9 x NG10-2-3-2,Zinniker,MZ,ORG18,2018,1,Mix,Mixed,NA,High,Low,Low,Present,158.1
Zinniker2018,WISCONSIN,Lafayette,NG10 x MBS5507,Zinniker,MZ,ORG19,2018,1,Mix,Mixed,NA,Medium,Low,Low,Present,181.4
Zinniker2018,WISCONSIN,Lafayette,9.2)15 x NG10-2-3-2,Zinniker,MZ,ORG8,2018,1,Mix,Mixed,NA,Low,Low,Low,Present,61.7
Zinniker2018,WISCONSIN,Lafayette,FOS8507,Zinniker,MZ,CHECK2,2018,1,Mix,Mixed,NA,Medium,Low,Low,Present,209.6
Zinniker2018,WISCONSIN,Lafayette,17.461,Zinniker,MZ,ORG1,2018,1,Mix,Mixed,NA,Medium,Low,Low,Present,185.1
Adsit2019,WI,EastTroy,NG10-2-3-2 x Md1,Adsit,GA,ORG20,2019,1,Mix,Grass,NA,Low,Low,Low,Present,9.8
Adsit2019,WI,EastTroy,C4-6 x 9.2)11,Adsit,GA,ORG14,2019,1,Mix,Grass,NA,High,Low,Low,Present,14.9
Adsit2019,WI,EastTroy,AR21B x NG.591,Adsit,GA,ORG9,2019,1,Mix,Grass,NA,Low,Low,Low,Present,6.2
Adsit2019,WI,EastTroy,C2B24-1-7.C46,Adsit,GA,ORG11,2019,1,Mix,Grass,NA,Low,Low,Low,Present,59.6
Adsit2019,WI,EastTroy,17.C2B24-1-7,Adsit,GA,ORG4,2019,1,Mix,Grass,NA,Low,Low,Low,Present,97.4
Adsit2019,WI,EastTroy,C2B2-4-2-1.C46,Adsit,GA,ORG12,2019,1,Mix,Grass,NA,Low,Low,Low,Present,65.1
Adsit2019,WI,EastTroy,15.C4-6,Adsit,GA,ORG3,2019,1,Mix,Grass,NA,Low,Low,Low,Present,50.1
Adsit2019,WI,EastTroy,FOS8500,Adsit,GA,CHECK3,2019,1,Mix,Grass,NA,Low,Low,Low,Present,77.2
Adsit2019,WI,EastTroy,17.461,Adsit,GA,ORG1,2019,1,Mix,Grass,NA,Low,Low,Low,Present,74
Anibas2019,WI,Arkansaw,NG10-2-3-2 x Md1,Anibas,AN,ORG20,2019,1,Mix,Grass,NA,Medium,Medium,Low,Present,126.1
Anibas2019,WI,Arkansaw,C2B2-7.C4-6,Anibas,AN,ORG11,2019,1,Mix,Grass,NA,Medium,Medium,Low,Present,105.2
Anibas2019,WI,Arkansaw,C4-6 x 9.2)11,Anibas,AN,ORG14,2019,1,Mix,Grass,NA,Medium,Medium,Low,Present,105.4
Anibas2019,WI,Arkansaw,C2B2-1.C4-6,Anibas,AN,ORG10,2019,1,Mix,Grass,NA,High,Medium,Low,Present,109.6
Anibas2019,WI,Arkansaw,FOS8500,Anibas,AN,CHECK3,2019,1,Mix,Grass,NA,Medium,Medium,Low,Present,138.4
Anibas2019,WI,Arkansaw,17.2B24,Anibas,AN,ORG4,2019,1,Mix,Grass,NA,High,Medium,Low,Present,121.4
Anibas2019,WI,Arkansaw,17.461,Anibas,AN,ORG1,2019,1,Mix,Grass,NA,High,Medium,Low,Present,121.5
Anibas2019,WI,Arkansaw,15.C4-6,Anibas,AN,ORG3,2019,1,Mix,Grass,NA,Medium,Medium,Low,Present,111.9
Anibas2019,WI,Arkansaw,15.C4-6,Anibas,AN,ORG3,2019,1,Mix,Grass,NA,Low,Medium,Low,Present,153.6
Beiler2019,WI,Rewey,FOS8500,Beiler,MB,CHECK3,2019,1,Animal,None,NA,Medium,Medium,Low,Present,158
Beiler2019,WI,Rewey,NG10-2-3-2 x Md1,Beiler,MB,ORG20,2019,1,Animal,None,NA,Medium,Medium,Low,Present,148.8
Beiler2019,WI,Rewey,C4-6 x 9.2)11,Beiler,MB,ORG14,2019,1,Animal,None,NA,High,Medium,Low,Present,125.5
Beiler2019,WI,Rewey,C2B2-1.C4-6,Beiler,MB,ORG10,2019,1,Animal,None,NA,Medium,Medium,Low,Present,130
Beiler2019,WI,Rewey,15.C4-6,Beiler,MB,ORG3,2019,1,Animal,None,NA,High,Medium,Low,Present,102.8
Beiler2019,WI,Rewey,C2B2-7.C4-6,Beiler,MB,ORG11,2019,1,Animal,None,NA,High,Medium,Low,Present,136.7
Beiler2019,WI,Rewey,17.2B24,Beiler,MB,ORG4,2019,1,Animal,None,NA,Medium,Medium,Low,Present,99.6
Beiler2019,WI,Rewey,17.461,Beiler,MB,ORG1,2019,1,Animal,None,NA,Medium,Medium,Low,Present,114.9
Doudlah2019,WI,Brooklyn,17.461,Doudlah,MD,ORG1,2019,1,Green,Mixed,NA,High,High,High,Absent,87.6
Doudlah2019,WI,Brooklyn,17.2B24,Doudlah,MD,ORG4,2019,1,Green,Mixed,NA,High,High,High,Absent,117.7
Doudlah2019,WI,Brooklyn,C2B2-7.C4-6,Doudlah,MD,ORG11,2019,1,Green,Mixed,NA,High,High,High,Absent,97.3
Doudlah2019,WI,Brooklyn,15.C4-6,Doudlah,MD,ORG3,2019,1,Green,Mixed,NA,High,High,High,Absent,131.2
Doudlah2019,WI,Brooklyn,C2B2-1.C4-6,Doudlah,MD,ORG10,2019,1,Green,Mixed,NA,High,High,High,Absent,91.2
Doudlah2019,WI,Brooklyn,C4-6 x 9.2)11,Doudlah,MD,ORG14,2019,1,Green,Mixed,NA,High,High,High,Absent,84.7
Doudlah2019,WI,Brooklyn,NG10-2-3-2 x Md1,Doudlah,MD,ORG20,2019,1,Green,Mixed,NA,High,High,High,Absent,94.3
Doudlah2019,WI,Brooklyn,FOS8500,Doudlah,MD,CHECK3,2019,1,Green,Mixed,NA,High,High,High,Absent,53.3
Stoltzfus12019,WI,Fayette,C2B2-1.C4-6,Stoltzfus1,MS1,ORG10,2019,1,Mix,Legume,NA,Low,Medium,High,Present,186.6
Stoltzfus12019,WI,Fayette,NG10-2-3-2 x Md1,Stoltzfus1,MS1,ORG20,2019,1,Mix,Legume,NA,Low,Medium,High,Present,172.9
Stoltzfus12019,WI,Fayette,C2B2-7.C4-6,Stoltzfus1,MS1,ORG11,2019,1,Mix,Legume,NA,Low,Medium,High,Present,206.9
Stoltzfus12019,WI,Fayette,17.461,Stoltzfus1,MS1,ORG1,2019,1,Mix,Legume,NA,Low,Medium,High,Present,237.8
Stoltzfus12019,WI,Fayette,17.2B24,Stoltzfus1,MS1,ORG4,2019,1,Mix,Legume,NA,Low,Medium,High,Present,218.8
Stoltzfus12019,WI,Fayette,15.C4-6,Stoltzfus1,MS1,ORG3,2019,1,Mix,Legume,NA,Low,Medium,High,Present,185.6
Stoltzfus12019,WI,Fayette,FOS8500,Stoltzfus1,MS1,CHECK3,2019,1,Mix,Legume,NA,Low,Medium,High,Present,260.2
Stoltzfus12019,WI,Fayette,C4-6 x 9.2)11,Stoltzfus1,MS1,ORG14,2019,1,Mix,Legume,NA,Low,Medium,High,Present,147.7
Stoltzfus22019,WI,Fayette,NG10-2-3-2 x Md1,Stoltzfus2,MS2,ORG20,2019,1,Mix,Legume,NA,Low,Medium,High,Present,194.1
Stoltzfus22019,WI,Fayette,17.461,Stoltzfus2,MS2,ORG1,2019,1,Mix,Legume,NA,Low,Medium,High,Present,166.6
Stoltzfus22019,WI,Fayette,15.C4-6,Stoltzfus2,MS2,ORG3,2019,1,Mix,Legume,NA,Low,Medium,High,Present,162.4
Stoltzfus22019,WI,Fayette,C2B2-7.C4-6,Stoltzfus2,MS2,ORG11,2019,1,Mix,Legume,NA,Low,Medium,High,Present,202.9
Stoltzfus22019,WI,Fayette,FOS8500,Stoltzfus2,MS2,CHECK3,2019,1,Mix,Legume,NA,Low,Medium,High,Present,233.3
Stoltzfus22019,WI,Fayette,C4-6 x 9.2)11,Stoltzfus2,MS2,ORG14,2019,1,Mix,Legume,NA,Low,Medium,High,Present,138.5
Stoltzfus22019,WI,Fayette,C2B2-1.C4-6,Stoltzfus2,MS2,ORG10,2019,1,Mix,Legume,NA,Low,Medium,High,Present,143.2
Stoltzfus22019,WI,Fayette,17.2B24,Stoltzfus2,MS2,ORG4,2019,1,Mix,Legume,NA,Low,Medium,High,Present,175.2
Zinniker2019,WI,Troy,C4-6 x 9.2)11,Zinniker,MZ,ORG14,2019,1,Mix,Mixed,NA,Low,Low,Low,Present,166.2
Zinniker2019,WI,Troy,17.2B24,Zinniker,MZ,ORG4,2019,1,Mix,Mixed,NA,Low,Low,Low,Present,169.8
Zinniker2019,WI,Troy,FOS8500,Zinniker,MZ,CHECK3,2019,1,Mix,Mixed,NA,Low,Low,Low,Present,185.4
Zinniker2019,WI,Troy,17.461,Zinniker,MZ,ORG1,2019,1,Mix,Mixed,NA,Low,Low,Low,Present,206.7
Zinniker2019,WI,Troy,C2B2-7.C4-6,Zinniker,MZ,ORG11,2019,1,Mix,Mixed,NA,Low,Low,Low,Present,186.2
Zinniker2019,WI,Troy,C2B2-1.C4-6,Zinniker,MZ,ORG10,2019,1,Mix,Mixed,NA,Low,Low,Low,Present,177.7
Zinniker2019,WI,Troy,15.C4-6,Zinniker,MZ,ORG3,2019,1,Mix,Mixed,NA,Low,Low,Low,Present,180.4
Beiler2020,WISCONSIN,Mifflin,15.C4-6,Beiler,MB2,ORG3,2020,1,Mix,Mixed,NA,Low,Low,Low,Present,95.8
Beiler2020,WISCONSIN,Mifflin,15.C4-6,Beiler,MB2,ORG3,2020,1,Mix,Mixed,NA,Low,Low,Low,Present,66.2
Beiler2020,WISCONSIN,Mifflin,17.461,Beiler,MB2,ORG1,2020,1,Mix,Mixed,NA,Low,Low,Low,Present,94.9
Beiler2020,WISCONSIN,Mifflin,17.461,Beiler,MB2,ORG1,2020,1,Mix,Mixed,NA,Low,Low,Low,Present,129
Beiler2020,WISCONSIN,Mifflin,924.461,Beiler,MB2,ORG21,2020,1,Mix,Mixed,NA,Low,Low,Low,Present,71.4
Beiler2020,WISCONSIN,Mifflin,924.461,Beiler,MB2,ORG21,2020,1,Mix,Mixed,NA,Low,Low,Low,Present,91.3
Beiler2020,WISCONSIN,Mifflin,9215.C4-6,Beiler,MB2,ORG22,2020,1,Mix,Mixed,NA,Low,Low,Low,Present,98.7
Beiler2020,WISCONSIN,Mifflin,9215.C4-6,Beiler,MB2,ORG22,2020,1,Mix,Mixed,NA,Medium,Low,Low,Present,101.4
Beiler2020,WISCONSIN,Mifflin,17.2B24,Beiler,MB2,ORG4,2020,1,Mix,Mixed,NA,Low,Low,Low,Present,122.4
Beiler2020,WISCONSIN,Mifflin,17.2B24,Beiler,MB2,ORG4,2020,1,Mix,Mixed,NA,Low,Low,Low,Present,118.8
Beiler2020,WISCONSIN,Mifflin,924.NG10,Beiler,MB2,ORG23,2020,1,Mix,Mixed,NA,Low,Low,Low,Present,106.4
Beiler2020,WISCONSIN,Mifflin,924.NG10,Beiler,MB2,ORG23,2020,1,Mix,Mixed,NA,Low,Low,Low,Present,68.4
Beiler2020,WISCONSIN,Mifflin,FOS8500,Beiler,MB2,CHECK3,2020,1,Mix,Mixed,NA,Low,Low,Low,Present,118.2
Beiler2020,WISCONSIN,Mifflin,FOS8500,Beiler,MB2,CHECK3,2020,1,Mix,Mixed,NA,Low,Low,Low,Present,83.8
Beiler2020,WISCONSIN,Mifflin,K5N.NG10,Beiler,MB2,ORG24,2020,1,Mix,Mixed,NA,Low,Low,Low,Present,77.8
Beiler2020,WISCONSIN,Mifflin,K5N.NG10,Beiler,MB2,ORG24,2020,1,Mix,Mixed,NA,Low,Low,Low,Present,53.7
Beiler2020,WISCONSIN,Mifflin,UR65.461,Beiler,MB2,ORG25,2020,1,Mix,Mixed,NA,Low,Low,Low,Present,91.6
Beiler2020,WISCONSIN,Mifflin,UR65.461,Beiler,MB2,ORG25,2020,1,Mix,Mixed,NA,Low,Low,Low,Present,128.9
Clark2020,WISCONSIN,Springdale,15.C4-6,Clark,DC,ORG3,2020,1,Animal,None,NA,High,Low,Low,Absent,17.7
Clark2020,WISCONSIN,Springdale,17.461,Clark,DC,ORG1,2020,1,Animal,None,NA,Low,Low,Low,Absent,46.1
Clark2020,WISCONSIN,Springdale,924.461,Clark,DC,ORG21,2020,1,Animal,None,NA,Medium,Low,Low,Absent,9.8
Clark2020,WISCONSIN,Springdale,9215.C4-6,Clark,DC,ORG22,2020,1,Animal,None,NA,Low,Low,Low,Absent,28.1
Clark2020,WISCONSIN,Springdale,17.2B24,Clark,DC,ORG4,2020,1,Animal,None,NA,High,Low,Low,Absent,43.2
Clark2020,WISCONSIN,Springdale,924.NG10,Clark,DC,ORG23,2020,1,Animal,None,NA,High,Low,Low,Absent,66.4
Clark2020,WISCONSIN,Springdale,FOS8500,Clark,DC,CHECK3,2020,1,Animal,None,NA,Low,Low,Low,Absent,72.5
Clark2020,WISCONSIN,Springdale,K5N.NG10,Clark,DC,ORG24,2020,1,Animal,None,NA,Low,Low,Low,Absent,19.7
Clark2020,WISCONSIN,Springdale,UR65.461,Clark,DC,ORG25,2020,1,Animal,None,NA,High,Low,Low,Absent,28.1
Egre2020,WISCONSIN,Albion,15.C4-6,Egre,EJ,ORG3,2020,1,Animal,Grass,NA,Low,Medium,Low,Present,20.4
Egre2020,WISCONSIN,Albion,17.461,Egre,EJ,ORG1,2020,1,Animal,Grass,NA,Low,Medium,Low,Present,5.4
Egre2020,WISCONSIN,Albion,924.461,Egre,EJ,ORG21,2020,1,Animal,Grass,NA,Low,Medium,Low,Present,39.7
Egre2020,WISCONSIN,Albion,9215.C4-6,Egre,EJ,ORG22,2020,1,Animal,Grass,NA,Low,Medium,Low,Present,8.2
Egre2020,WISCONSIN,Albion,17.2B24,Egre,EJ,ORG4,2020,1,Animal,Grass,NA,Low,Medium,Low,Present,8.3
Egre2020,WISCONSIN,Albion,924.NG10,Egre,EJ,ORG23,2020,1,Animal,Grass,NA,Low,Medium,Low,Present,16.9
Egre2020,WISCONSIN,Albion,FOS8500,Egre,EJ,CHECK3,2020,1,Animal,Grass,NA,Low,Medium,Low,Present,28.2
Egre2020,WISCONSIN,Albion,K5N.NG10,Egre,EJ,ORG24,2020,1,Animal,Grass,NA,Low,Medium,Low,Present,41.9
Egre2020,WISCONSIN,Albion,UR65.461,Egre,EJ,ORG25,2020,1,Animal,Grass,NA,Low,Medium,Low,Present,16.9
Esch2020,WISCONSIN,Fennimore,15.C4-6,Esch,DE,ORG3,2020,1,Animal,None,NA,Low,High,Low,Absent,86.5
Esch2020,WISCONSIN,Fennimore,17.461,Esch,DE,ORG1,2020,1,Animal,None,NA,Medium,High,Low,Absent,209.1
Esch2020,WISCONSIN,Fennimore,924.461,Esch,DE,ORG21,2020,1,Animal,None,NA,Medium,High,Low,Absent,164.8
Esch2020,WISCONSIN,Fennimore,9215.C4-6,Esch,DE,ORG22,2020,1,Animal,None,NA,High,High,Low,Absent,208.4
Esch2020,WISCONSIN,Fennimore,17.2B24,Esch,DE,ORG4,2020,1,Animal,None,NA,Low,High,Low,Absent,80.5
Esch2020,WISCONSIN,Fennimore,924.NG10,Esch,DE,ORG23,2020,1,Animal,None,NA,High,High,Low,Absent,149
Esch2020,WISCONSIN,Fennimore,FOS8500,Esch,DE,CHECK3,2020,1,Animal,None,NA,Low,High,Low,Absent,230.6
Esch2020,WISCONSIN,Fennimore,K5N.NG10,Esch,DE,ORG24,2020,1,Animal,None,NA,Low,High,Low,Absent,118
Esch2020,WISCONSIN,Fennimore,UR65.461,Esch,DE,ORG25,2020,1,Animal,None,NA,Low,High,Low,Absent,88.3
Goldstein2020,WISCONSIN,NewGeneva,15.C4-6,Goldstein,WaG,ORG3,2020,1,Green,Mixed,NA,Low,Low,Low,Present,41.3
Goldstein2020,WISCONSIN,NewGeneva,17.461,Goldstein,WaG,ORG1,2020,1,Green,Mixed,NA,Low,Low,Low,Present,53.7
Goldstein2020,WISCONSIN,NewGeneva,924.461,Goldstein,WaG,ORG21,2020,1,Green,Mixed,NA,Low,Low,Low,Present,28.5
Goldstein2020,WISCONSIN,NewGeneva,9215.C4-6,Goldstein,WaG,ORG22,2020,1,Green,Mixed,NA,Medium,Low,Low,Present,51.4
Goldstein2020,WISCONSIN,NewGeneva,17.2b24,Goldstein,WaG,ORG4,2020,1,Green,Mixed,NA,Low,Low,Low,Present,35
Goldstein2020,WISCONSIN,NewGeneva,924.NG10,Goldstein,WaG,ORG23,2020,1,Green,Mixed,NA,Low,Low,Low,Present,64
Goldstein2020,WISCONSIN,NewGeneva,FOS8500,Goldstein,WaG,CHECK3,2020,1,Green,Mixed,NA,Low,Low,Low,Present,51.3
Goldstein2020,WISCONSIN,NewGeneva,K5N.NG10,Goldstein,WaG,ORG24,2020,1,Green,Mixed,NA,Low,Low,Low,Present,30.1
Goldstein2020,WISCONSIN,NewGeneva,UR65.461,Goldstein,WaG,ORG25,2020,1,Green,Mixed,NA,Low,Low,Low,Present,50.3
Smith2021,Illinois,Peoria,59R5,Smith,AS2,CHECK1,2021,1,Mix,Legume,NA,High,High,High,Absent,134
Smith2021,Illinois,Peoria,59R5,Smith,AS2,CHECK1,2021,2,Mix,Legume,NA,High,High,High,Absent,135.8
Smith2021,Illinois,Peoria,17.2B24,Smith,AS2,ORG4,2021,1,Mix,Legume,NA,High,High,High,Absent,140.4
Smith2021,Illinois,Peoria,17.2B24,Smith,AS2,ORG4,2021,2,Mix,Legume,NA,High,High,High,Absent,103.3
Smith2021,Illinois,Peoria,PHHB9*PHW30,Smith,AS2,UIUC3,2021,1,Mix,Legume,NA,High,High,High,Absent,109.3
Smith2021,Illinois,Peoria,PHHB9*PHW30,Smith,AS2,UIUC3,2021,2,Mix,Legume,NA,High,High,High,Absent,98.8
Smith2021,Illinois,Peoria,PHHB9*PHZ51,Smith,AS2,UIUC4,2021,1,Mix,Legume,NA,High,High,High,Absent,65.9
Smith2021,Illinois,Peoria,PHHB9*PHZ51,Smith,AS2,UIUC4,2021,2,Mix,Legume,NA,High,High,High,Absent,63.3
Gruver2021,Illinois,Macomb,59R5,Gruver,JG3,CHECK1,2021,1,Mix,Mixed,NA,Medium,High,High,Absent,76
Gruver2021,Illinois,Macomb,59R5,Gruver,JG3,CHECK1,2021,2,Mix,Mixed,NA,Medium,High,High,Absent,70.3
Gruver2021,Illinois,Macomb,17.2B24,Gruver,JG3,ORG4,2021,1,Mix,Mixed,NA,Medium,High,High,Absent,89.6
Gruver2021,Illinois,Macomb,17.2B24,Gruver,JG3,ORG4,2021,2,Mix,Mixed,NA,Medium,High,High,Absent,73
Gruver2021,Illinois,Macomb,PHHB9*PHW30,Gruver,JG3,UIUC3,2021,1,Mix,Mixed,NA,Medium,High,High,Absent,72.4
Gruver2021,Illinois,Macomb,PHHB9*PHW30,Gruver,JG3,UIUC3,2021,2,Mix,Mixed,NA,Medium,High,High,Absent,41.4
Gruver2021,Illinois,Macomb,PHHB9*PHZ51,Gruver,JG3,UIUC4,2021,1,Mix,Mixed,NA,Medium,High,High,Absent,103.9
Gruver2021,Illinois,Macomb,PHHB9*PHZ51,Gruver,JG3,UIUC4,2021,2,Mix,Mixed,NA,Medium,High,High,Absent,40.5
Doonan2021,Illinois,Reynolds,59R5,Doonan,TD2,CHECK1,2021,1,Green,Legume,NA,Medium,High,High,Absent,121.1
Doonan2021,Illinois,Reynolds,59R5,Doonan,TD2,CHECK1,2021,2,Green,Legume,NA,Medium,High,High,Absent,144.8
Doonan2021,Illinois,Reynolds,17.2B24,Doonan,TD2,ORG4,2021,1,Green,Legume,NA,Medium,High,High,Absent,104.7
Doonan2021,Illinois,Reynolds,17.2B24,Doonan,TD2,ORG4,2021,2,Green,Legume,NA,Medium,High,High,Absent,129.9
Doonan2021,Illinois,Reynolds,PHHB9*PHW30,Doonan,TD2,UIUC3,2021,1,Green,Legume,NA,Medium,High,High,Absent,138.1
Doonan2021,Illinois,Reynolds,PHHB9*PHW30,Doonan,TD2,UIUC3,2021,2,Green,Legume,NA,Medium,High,High,Absent,149.1
Doonan2021,Illinois,Reynolds,PHHB9*PHZ51,Doonan,TD2,UIUC4,2021,1,Green,Legume,NA,Medium,High,High,Absent,117.3
Doonan2021,Illinois,Reynolds,PHHB9*PHZ51,Doonan,TD2,UIUC4,2021,2,Green,Legume,NA,Medium,High,High,Absent,126.5
